INSERT INTO `demo_dataset.final_products` (production_process_id, product_name, internal_qa_score, no_of_issues, safety_incidents, delivery_date, production_volume, customer_complaints) VALUES 
('72c9941f-eebd-4f53-9a98-4843b4d65d96', 'Phototransistor', 88, 4, 1, '2025-03-02', 271, false),
 ('cc8994a4-47ce-4d7e-862a-f261710ff36d', 'Phototransistor', 77, 3, 2, '2025-01-07', 729, false),
 ('4af83264-1496-440a-a890-5ce7e7bae671', 'Diode (rectifier diode)', 85, 6, 2, '2025-06-16', 692, false),
 ('74224328-0570-4c37-9ac6-bb68b4f483ae', 'Diode (rectifier diode)', 81, 10, 3, '2025-09-27', 456, false),
 ('dddae703-1637-4015-9652-498a9b2fe73d', 'Transient-voltage-suppression diode', 92, 6, 1, '2025-04-03', 813, false),
 ('676c6415-a8a9-49ae-9db3-9ed0cd8f41b9', 'Phototransistor', 85, 1, 3, '2025-08-10', 391, false),
 ('b95b972c-e485-4be5-ba16-d759e5195a1b', 'IMPATT diode', 79, 9, 3, '2025-07-04', 266, false),
 ('56610f83-5f5a-4acf-8219-f145f217edfe', 'Diode (rectifier diode)', 74, 5, 3, '2025-03-27', 896, false),
 ('8902bd7e-0267-4efe-bab2-e2515d49f8d6', 'PIN diode', 76, 9, 2, '2025-04-28', 118, false),
 ('f83dab77-7461-466a-b94f-1c6bfb8858b9', 'Light-emitting diode (LED)', 100, 0, 3, '2025-11-19', 677, false),
 ('241fed58-81f7-4b94-95de-667d8d9ab6d9', 'Transient-voltage-suppression diode', 91, 10, 2, '2025-09-04', 631, false),
 ('799d8a6e-f053-4efb-a152-be5ffd8669a8', 'VCSEL', 100, 0, 1, '2025-08-22', 100, false),
 ('ce6578af-e98d-4a8a-b5b3-a45866839b4e', 'Diode (rectifier diode)', 83, 1, 3, '2025-12-22', 386, false),
 ('833b5439-d568-473c-961c-b01376551631', 'Schottky diode', 82, 9, 0, '2025-10-14', 885, false),
 ('65fa5c44-d6ec-45c6-885e-2c0e82b8c94f', 'Phototransistor', 78, 9, 0, '2025-02-11', 953, false),
 ('707adda5-103b-4c3c-95b1-889e3f35b34d', 'Tunnel diode', 85, 7, 3, '2025-05-07', 803, false),
 ('fd253476-8989-48ce-9d58-0ed45f86c8b8', 'Transient-voltage-suppression diode', 93, 1, 0, '2025-12-10', 743, false),
 ('f710b8d9-2e19-4974-905f-9c790e1a7d30', 'Solar cell', 70, 3, 2, '2025-08-03', 361, false),
 ('d1928af5-22cd-42b6-8fbf-b437a064c5de', 'VCSEL', 80, 9, 3, '2025-03-05', 703, false),
 ('b6adfb3f-9d62-4477-93ff-37654fcf496f', 'IMPATT diode', 78, 2, 1, '2025-01-12', 878, false),
 ('179dfc8a-9ec5-4215-abf2-cb3171c0581e', 'VCSEL', 98, 5, 3, '2025-11-29', 539, false),
 ('9e7fdcf3-fea9-4db7-904f-cba79109b4e0', 'Tunnel diode', 96, 7, 0, '2025-02-21', 455, false),
 ('27afb109-62cd-4c83-8f12-82c90b4a470e', 'Solar cell', 81, 4, 0, '2025-02-28', 473, false),
 ('8dee5daf-906f-48c7-95e7-5a34ee030fe3', 'Diode (rectifier diode)', 83, 8, 0, '2025-04-22', 179, false),
 ('83431f4f-470b-4511-a0e7-172fe2b48082', 'Light-emitting diode (LED)', 73, 10, 2, '2025-08-22', 974, true),
 ('b2717743-829b-4e05-9373-b1403728254e', 'Photocell', 78, 2, 2, '2025-08-01', 812, false),
 ('bdc74964-8909-4c46-b6f3-7565ee9c3833', 'Light-emitting diode (LED)', 81, 10, 2, '2025-10-09', 949, false),
 ('ce686fa4-edcb-4266-8e24-797009d9b29d', 'Tunnel diode', 89, 9, 0, '2025-01-12', 801, false),
 ('c6c55390-134a-4fda-8282-136238142a42', 'VCSEL', 86, 9, 3, '2025-01-05', 595, false),
 ('bd2a64d5-1ec8-445b-8e71-b1845d2c8419', 'VCSEL', 84, 9, 2, '2025-09-24', 859, false),
 ('b8a24e55-7427-48ae-a9d0-29872697d53f', 'Zen diode', 83, 7, 0, '2025-01-09', 843, false),
 ('2fb387ef-adbd-4811-bc4c-85f1eac28474', 'Zener diode', 86, 9, 0, '2025-02-20', 952, false),
 ('2a983c5f-639a-4679-bbac-ace965772999', 'Light-emitting diode (LED)', 85, 4, 2, '2025-03-24', 753, false),
 ('231721cd-cb8f-4678-afd4-37a7e65865e3', 'PIN diode', 76, 9, 2, '2025-03-25', 996, false),
 ('ec0d084b-f070-4c42-b721-c7dbab7a56b9', 'Phototransistor', 96, 4, 0, '2025-01-24', 971, false),
 ('151fa274-55cb-4989-bf94-0907d3f31424', 'Photocell', 90, 8, 2, '2025-11-09', 254, false),
 ('a9bfe0ff-0a63-4741-9b44-30afddec81e9', 'Zener diode', 83, 7, 0, '2025-07-04', 770, false),
 ('0b40ed69-5776-46d8-bc68-11c803a6263b', 'VCSEL', 92, 9, 2, '2025-10-25', 498, false),
 ('370fbf72-c759-4a5a-a551-608feed537c6', 'Schottky diode', 72, 5, 0, '2025-07-28', 719, false),
 ('d1fbf866-0308-40a9-a284-314c14fa961b', 'PIN diode', 89, 5, 0, '2025-01-18', 405, false),
 ('b09b0157-1355-4d2f-bf0d-c4df5a19a32e', 'PIN diode', 84, 7, 0, '2025-03-04', 393, false),
 ('0a121e24-3408-42ef-9c25-028c3b004ab3', 'PIN diode', 77, 10, 3, '2025-05-19', 736, false),
 ('1b3af0d4-9469-4674-8fd0-6be1db61ff62', 'IMPATT diode', 73, 10, 0, '2025-03-30', 952, false),
 ('24046899-0df6-46a1-ad14-07ae9bc671c5', 'Laser diode', 100, 3, 3, '2025-11-03', 364, false),
 ('39f92f94-f297-4eae-a346-0100f57d65bc', 'Photocell', 96, 8, 1, '2025-12-29', 924, false),
 ('bd8c8922-e309-4dd4-bcca-10f072fd6cd5', 'Zen diode', 85, 2, 2, '2025-11-25', 988, false),
 ('1e2cf00e-5cb5-4fb6-9e2b-e4576d54effd', 'Light-emitting diode (LED)', 82, 0, 3, '2025-10-01', 188, false),
 ('0488fcb5-7f3f-4586-a058-a1055dd54e4e', 'Photocell', 74, 8, 0, '2025-06-11', 482, false),
 ('191ff54c-9678-4c75-ab66-ba57b5fef459', 'Tunnel diode', 82, 4, 2, '2025-11-30', 385, false),
 ('bab92472-343b-43e9-aab8-1e9be6a3944e', 'Phototransistor', 86, 3, 3, '2025-11-30', 129, false),
 ('df90dc09-1f64-482d-bdd5-39881a978c6b', 'Solar cell', 84, 7, 0, '2025-10-22', 364, false),
 ('abc46c01-7d4f-4edf-9438-956e01a210c2', 'PIN diode', 100, 9, 1, '2025-08-08', 310, true),
 ('0289c3a6-392a-4889-89f9-226bbe77f5da', 'Photocell', 70, 2, 0, '2025-01-28', 488, false),
 ('eb7079e9-b174-45f5-8cd6-c423033e9420', 'Zen diode', 72, 5, 2, '2025-07-11', 575, false),
 ('a5dcb587-cc65-4fe4-8cac-fed0de1e064f', 'Laser diode', 74, 0, 1, '2025-10-18', 957, false),
 ('f296386b-2e87-47cb-940e-d93db769af37', 'Diode (rectifier diode)', 83, 10, 1, '2025-05-20', 747, false),
 ('495a78d1-15d9-4c95-a6b1-1eef71382046', 'Schottky diode', 81, 10, 1, '2025-12-02', 661, false),
 ('fedd3ba1-0c01-4dbd-90ff-61417a15d408', 'Solar cell', 90, 1, 0, '2025-07-29', 517, false),
 ('2ae45be1-ff97-40c8-9336-dfe9bdeb8752', 'Zen diode', 70, 2, 0, '2025-05-23', 459, false),
 ('35e5bb1f-a20a-4db7-8f4c-851951d2a24b', 'Phototransistor', 80, 4, 1, '2025-02-01', 428, false),
 ('48c5346b-2591-448b-8489-2ad033a2ac71', 'Tunnel diode', 91, 7, 3, '2025-07-31', 630, false),
 ('2816c95d-3fb4-4fbf-84aa-0560001861dd', 'Laser diode', 79, 1, 0, '2025-03-28', 771, false),
 ('85e4fdbf-7de6-4130-b61d-c823d3ec8744', 'Tunnel diode', 80, 6, 2, '2025-11-10', 647, false),
 ('548f708e-b68f-42ef-911f-abc769e0c04a', 'Photocell', 96, 2, 0, '2025-06-23', 632, false),
 ('8bf3e7e8-383e-408b-a83a-d7c3208ceb37', 'Solar cell', 71, 6, 1, '2025-08-19', 465, false),
 ('fe1373e1-d144-42d5-9e6a-07edbaad6cb0', 'Solar cell', 98, 8, 2, '2025-08-21', 533, false),
 ('95a581ec-591c-4cbf-bd99-9375c26fcc4e', 'Schottky diode', 97, 1, 1, '2025-08-10', 287, false),
 ('6e73301b-ef48-4bb0-b034-a8f06dd5de89', 'Photocell', 91, 2, 3, '2025-12-13', 108, false),
 ('6facbf3d-63bc-4a7d-ba2d-7709fa4e45c7', 'IMPATT diode', 74, 4, 3, '2025-09-01', 691, false),
 ('9b97c467-ccee-4806-abbe-118cf3161c5e', 'PIN diode', 72, 0, 1, '2025-05-28', 568, false),
 ('4db4c725-9b29-42c7-9fe1-bf730f531ab9', 'Transient-voltage-suppression diode', 75, 6, 0, '2025-11-25', 608, false),
 ('12339129-0099-457a-ace7-4b28e84f12b4', 'Light-emitting diode (LED)', 87, 0, 0, '2025-02-13', 355, false),
 ('3bd1ca35-89ad-4805-b0b0-0cef4b216c3e', 'VCSEL', 77, 6, 2, '2025-08-04', 562, false),
 ('b0a80bf7-abfa-4036-9441-bc113acac5ae', 'Zen diode', 89, 1, 0, '2025-02-19', 676, false),
 ('cf10b965-9b06-4b6d-aa32-a582d41eeac4', 'IMPATT diode', 90, 7, 3, '2025-02-23', 371, false),
 ('7f58d98e-3b3f-491c-abe6-a07888c43b92', 'Light-emitting diode (LED)', 72, 10, 0, '2025-10-31', 562, false),
 ('46f36604-2680-42bd-a5f5-06a5ddef2a05', 'Light-emitting diode (LED)', 96, 5, 2, '2025-11-27', 392, false),
 ('969b7af6-13f5-470f-b110-1e6822f9b364', 'Phototransistor', 96, 7, 0, '2025-08-12', 617, false),
 ('2636e6f6-2af2-43db-8e7e-15c19d1b25f1', 'Schottky diode', 84, 9, 0, '2025-08-13', 352, false),
 ('9d02907e-fe19-4623-a68d-3dd6d079fea7', 'Solar cell', 89, 0, 0, '2025-09-06', 667, false),
 ('7a61f9dc-8a1e-4e9b-91cb-50f824b609c3', 'Zener diode', 94, 4, 1, '2025-07-07', 278, true),
 ('e516f311-a830-4e5c-b7d1-7e08fa4cd9ab', 'Photocell', 72, 4, 1, '2025-03-24', 513, false),
 ('c2efa51e-848e-4b44-abe7-37d71f4c6e92', 'Zener diode', 79, 2, 3, '2025-09-05', 577, false),
 ('d7f62b3c-1580-48dd-92e5-e5f38a53ef10', 'Zen diode', 89, 5, 2, '2025-04-19', 645, false),
 ('37882e6d-5969-40e8-800b-0cc4c837f84d', 'Zen diode', 86, 7, 2, '2025-06-17', 428, false),
 ('daf49298-9b66-47a3-a5f9-dc1f9479c41e', 'Diode (rectifier diode)', 85, 3, 0, '2025-03-13', 110, false),
 ('16e23bf7-fdb8-4527-ac7f-457459eb941a', 'PIN diode', 93, 2, 3, '2025-08-31', 866, false),
 ('b0def8a3-2c1d-413c-bf23-23070fcf6a98', 'Diode (rectifier diode)', 71, 5, 2, '2025-06-08', 947, false),
 ('e74c5ec8-f4cc-4438-a03a-9fa1c45b3b03', 'IMPATT diode', 87, 4, 0, '2025-06-22', 495, false),
 ('e02aefd1-3319-4c88-bfd5-ec14874d52b2', 'PIN diode', 82, 0, 3, '2025-09-27', 337, false),
 ('fde12647-67a1-4fd7-aee3-09962d013f8c', 'Zen diode', 81, 10, 2, '2025-03-31', 337, true),
 ('d803d89a-f563-40fc-bc86-3eafd7c1999d', 'Tunnel diode', 93, 0, 3, '2025-10-14', 859, false),
 ('daaf4df0-a7db-4e6f-b8b4-ce10e50e89a5', 'Solar cell', 100, 6, 3, '2025-06-02', 121, false),
 ('fefe0e92-4834-42f9-ad1c-589a13c57b66', 'Solar cell', 75, 6, 1, '2025-05-01', 536, false),
 ('7f815b81-9e5a-47c2-a208-15104137eed1', 'Phototransistor', 79, 0, 2, '2025-08-13', 282, false),
 ('fc8b8eeb-08eb-4c66-aa2c-162e0db218e1', 'Solar cell', 78, 4, 0, '2025-07-07', 705, false),
 ('a25f2d54-3359-4a03-8413-47ed0ca8c57d', 'Zener diode', 95, 5, 1, '2025-03-05', 391, true),
 ('ca7a923b-0777-4759-97c0-8b38d39276dd', 'Diode (rectifier diode)', 86, 1, 0, '2025-08-12', 105, false),
 ('f83b56cd-e31e-4504-b879-84d7f69a3032', 'Transient-voltage-suppression diode', 85, 8, 2, '2025-05-23', 104, false),
 ('aab2a7f4-480d-4d36-8641-722b20dac246', 'Diode (rectifier diode)', 95, 6, 0, '2025-11-14', 201, false),
 ('539a30a6-edb1-425f-8830-195d9a27a3a0', 'IMPATT diode', 85, 0, 2, '2025-09-12', 190, false),
 ('51ef85fa-9349-4983-ae68-6c7d2ab81310', 'Schottky diode', 85, 5, 3, '2025-10-18', 708, false),
 ('3482ef3a-7fab-44b2-b0f8-6f35093fbfe3', 'Zener diode', 96, 4, 1, '2025-11-16', 654, false),
 ('cf4c0099-b51b-4ba6-9603-df7b57448754', 'Photocell', 73, 6, 1, '2025-11-28', 537, false),
 ('9a25d0cb-918f-40f6-a3b5-e57e783629c2', 'Tunnel diode', 82, 5, 2, '2025-01-13', 701, false),
 ('71052618-7e19-484e-baef-b6a4cae39d0e', 'Solar cell', 71, 1, 3, '2025-05-02', 334, false),
 ('774ed3fd-b70a-491c-bb7d-6e53350e36ce', 'Diode (rectifier diode)', 73, 9, 1, '2025-07-06', 444, false),
 ('31a4836a-2b8b-46fc-9ed0-8e888f5753eb', 'Schottky diode', 75, 4, 3, '2025-04-29', 977, true),
 ('ca61320f-a1de-4bda-aead-68b55a607e9f', 'Diode (rectifier diode)', 96, 6, 0, '2025-03-09', 923, true),
 ('7dd16fd9-8f6a-49db-8b35-17f150649183', 'Laser diode', 84, 3, 1, '2025-12-06', 365, true),
 ('ec55f2b4-e445-466b-aa79-407598f6eeae', 'Photocell', 75, 3, 3, '2025-12-18', 681, false),
 ('6a31582d-f616-4455-ac9e-52c50cffb2e9', 'Photocell', 81, 5, 1, '2025-06-22', 691, false),
 ('9aef2093-7f09-481e-b183-ae8b2d92edbd', 'Diode (rectifier diode)', 74, 4, 2, '2025-06-18', 176, false),
 ('20430d48-5a10-4bcb-8942-3dfa5c463c88', 'Schottky diode', 73, 0, 2, '2025-08-11', 336, false),
 ('1ae2dd99-aa52-4e38-8d4d-55eb9d6a0039', 'Phototransistor', 93, 8, 3, '2025-04-10', 364, false),
 ('ab573d19-dcfa-48ee-b814-0379854c84a4', 'VCSEL', 90, 7, 2, '2025-09-17', 228, false),
 ('a8572b01-733e-4072-9b80-1038bc05a1d0', 'Photocell', 70, 7, 1, '2025-06-04', 995, false),
 ('c50d9c8c-da65-47f4-88a3-685ef506e0ec', 'Light-emitting diode (LED)', 79, 7, 0, '2025-11-19', 432, false),
 ('6ec5e633-1eca-4bb5-ae0d-3e9277ccd371', 'Solar cell', 79, 9, 0, '2025-01-01', 389, false),
 ('6bee9d51-cbd9-4b56-a492-0442de46030b', 'IMPATT diode', 89, 7, 1, '2025-08-24', 375, false),
 ('3f069075-57f1-4fa8-8a43-f55b128eb61f', 'Laser diode', 74, 3, 1, '2025-08-08', 747, false),
 ('b8748baf-a221-4d80-b4ba-b731375e36a5', 'Photocell', 88, 5, 2, '2025-09-16', 572, false),
 ('b5257910-81f2-4fd2-b6c0-5714391f1a55', 'VCSEL', 84, 0, 2, '2025-08-03', 300, false),
 ('cd7ae3d4-e5ce-4873-a474-d06f0a548dd2', 'Tunnel diode', 75, 4, 1, '2025-04-26', 626, false),
 ('bd3523f8-730a-4556-a757-d15197ef6f0f', 'Transient-voltage-suppression diode', 83, 10, 1, '2025-01-16', 305, false),
 ('9c837738-ae7d-4f0d-92f1-b2c49fda7a1c', 'Laser diode', 74, 0, 3, '2025-01-19', 847, false),
 ('5f4d6448-2cc2-4bf0-ba11-a5ed624b5e69', 'Zen diode', 89, 6, 1, '2025-12-29', 251, false),
 ('3dbcbba0-647b-464d-89ae-a364b6a8895d', 'Light-emitting diode (LED)', 76, 10, 1, '2025-03-06', 422, false),
 ('f37b2b39-87f8-4573-bad2-3ed8d95284d1', 'Laser diode', 90, 4, 2, '2025-10-16', 646, true),
 ('bd703494-810e-4c33-af7a-56c61103d268', 'Phototransistor', 76, 0, 2, '2025-01-21', 886, false),
 ('d08977d4-7137-433b-8b85-ac80dabdc33f', 'Tunnel diode', 95, 0, 2, '2025-09-09', 116, false),
 ('7ac33828-9974-40fc-bd54-1f3c3804324d', 'VCSEL', 94, 10, 1, '2025-09-27', 223, true),
 ('e78c93b9-6866-4b71-86ae-92052a72e63e', 'PIN diode', 75, 1, 1, '2025-02-10', 180, false),
 ('5333c32d-c056-45bc-b8bb-00bb37c024be', 'PIN diode', 83, 8, 0, '2025-03-17', 952, false),
 ('62ee0f92-3ea6-40d1-8029-f24c0ae405ec', 'Diode (rectifier diode)', 100, 4, 2, '2025-09-02', 438, false),
 ('4d63e8d6-22ab-4b62-9b43-a798eb667d42', 'Photocell', 75, 5, 3, '2025-06-12', 744, false),
 ('6b54374e-5834-4aed-bc5b-414edec20076', 'PIN diode', 70, 3, 1, '2025-05-27', 434, false),
 ('f171af29-7f74-4086-8d97-0fb23dca2f24', 'VCSEL', 84, 4, 3, '2025-03-07', 574, false),
 ('e445d30b-d74f-494c-b190-7a51ca237ab5', 'Solar cell', 86, 3, 3, '2025-04-28', 467, false),
 ('1d998c25-7d59-42ce-8508-0d30edf31378', 'Solar cell', 77, 0, 0, '2025-01-03', 143, false),
 ('ef0fc386-91ab-42e5-b6a2-fcde1701ed65', 'Zener diode', 72, 2, 1, '2025-08-04', 419, false),
 ('9eaadb46-5d9e-440b-a2c4-cd7d07c7560d', 'PIN diode', 100, 10, 3, '2025-06-13', 424, false),
 ('8859adc3-84d7-4def-b76a-bfb2fe859d63', 'Laser diode', 76, 8, 3, '2025-09-02', 298, false),
 ('a7321446-3d33-4d02-8be0-e95ba79e50b9', 'Solar cell', 82, 10, 3, '2025-03-09', 207, false),
 ('6c2aa028-8f62-4729-b873-dccd9dde990c', 'Phototransistor', 100, 10, 0, '2025-04-05', 340, false),
 ('4364f8d0-7148-4b44-9e56-b8afa0162f18', 'Transient-voltage-suppression diode', 81, 8, 0, '2025-06-25', 371, false),
 ('cfbe58c6-a40b-4fc7-bf57-7dede2d301f6', 'PIN diode', 78, 8, 0, '2025-05-21', 520, false),
 ('ce456df6-58c3-4669-bb41-220f34d9a77d', 'Schottky diode', 84, 1, 3, '2025-12-19', 334, false),
 ('0a0ff201-8021-4821-a983-c891248cb2a2', 'Zen diode', 82, 9, 0, '2025-12-15', 344, false),
 ('5171b4ff-4739-4d45-ac60-710e80b2d83a', 'IMPATT diode', 89, 8, 3, '2025-04-02', 681, false)
 ;

INSERT INTO `demo_dataset.suppliers` (supplier_id, supplier_name, description) VALUES
('SUP0012', 'Name for SUP0012', 'Description for: SUP0012'),
('SUP0002', 'Name for SUP0002', 'Description for: SUP0002'),
('SUP0003', 'Name for SUP0003', 'Description for: SUP0003'),
('SUP0007', 'Name for SUP0007', 'Description for: SUP0007'),
('SUP0001', 'Name for SUP0001', 'Description for: SUP0001'),
('SUP0006', 'Name for SUP0006', 'Description for: SUP0006'),
('SUP0005', 'Name for SUP0005', 'Description for: SUP0005'),
('SUP0008', 'Name for SUP0008', 'Description for: SUP0008'),
('SUP0004', 'Name for SUP0004', 'Description for: SUP0004'),
('SUP0009', 'Name for SUP0009', 'Description for: SUP0009'),
('SUP0011', 'Name for SUP0011', 'Description for: SUP0011'),
('SUP0010', 'Name for SUP0010', 'Description for: SUP0010'),
('SUP0090', 'Supplier Name for SUP0090', 'Description for Supplier SUP0090'),
('SUP0091', 'Supplier Name for SUP0091', 'Description for Supplier SUP0091')
;

INSERT INTO `demo_dataset.product_to_product_used` (production_process_id_target, production_process_id_source, quantity) VALUES 
('ca61320f-a1de-4bda-aead-68b55a607e9f', '83431f4f-470b-4511-a0e7-172fe2b48082', 34),
('ec0d084b-f070-4c42-b721-c7dbab7a56b9', '676c6415-a8a9-49ae-9db3-9ed0cd8f41b9', 11),
('676c6415-a8a9-49ae-9db3-9ed0cd8f41b9', 'cc8994a4-47ce-4d7e-862a-f261710ff36d', 11),
('72c9941f-eebd-4f53-9a98-4843b4d65d96', '7ac33828-9974-40fc-bd54-1f3c3804324d', 11),
('abc46c01-7d4f-4edf-9438-956e01a210c2', 'ec0d084b-f070-4c42-b721-c7dbab7a56b9', 11),
('cc8994a4-47ce-4d7e-862a-f261710ff36d', '72c9941f-eebd-4f53-9a98-4843b4d65d96', 11)
;

INSERT INTO `demo_dataset.material_deliveries` (delivery_id, material_id, supplier_id, delivery_date, quantity) VALUES 
('0d00d2c3-bfdf-403c-b4a0-29fd04ad663b', '85f2826c-16d7-4e94-a49b-dcf8f6605047', 'SUP0001', '2026-03-08', 333),
('99c72086-ff04-4ab7-b2e0-ef1a47e4d427', '7a561fb4-6a64-4f16-a053-e34550c71e91', 'SUP0001', '2025-09-22', 34),
('a48b5433-768d-460b-96d1-64a44d7f0c28', 'e3f54d7e-27b7-4a20-aa57-e1d5f7afe1f4', 'SUP0001', '2026-02-05', 680),
('505f8fbb-5d0e-4802-88e0-9032b470e093', '769b0be4-5006-4297-938e-fee617e0b3c2', 'SUP0001', '2026-03-16', 809),
('16398b28-5ec8-4ff5-8c1c-3a16fdbce76a', '9057a154-2c50-4092-9d67-28fca80a76db', 'SUP0001', '2025-12-04', 296),
('6069e816-34e4-4485-bb75-0d139b2a9daa', '1ac2fdac-d2ff-4980-afb9-12a18d5fb709', 'SUP0001', '2025-11-28', 175),
('cd0c1388-f41c-4c1d-ac28-4423afeaf5bb', 'f807861a-0aa2-4fa3-8c67-30b51c6d7b6b', 'SUP0001', '2026-06-05', 597),
('76551fb7-4bb5-4714-a395-cac8b06eb426', 'daed593e-6a46-4032-9c19-3f2a3c46157e', 'SUP0001', '2025-12-23', 7),
('3c411e2a-a325-4aae-b847-b3957fb6f91a', '9e7a89db-ec80-4917-b1d9-7041468cb33d', 'SUP0001', '2026-03-26', 749),
('aa32393b-c7c8-4c91-8e9c-efea2eec64c2', '529ce38c-9825-4157-ac62-347b314c6dac', 'SUP0001', '2026-05-18', 22),
('572b6990-96c9-44ae-9879-9fc962f0566e', '5c9c09fe-9ff1-48b2-80cb-8acda6659477', 'SUP0001', '2025-10-18', 844),
('454e6b87-11e1-42af-923c-ba319381ba17', 'a3e23ffd-93b4-4f78-ac70-e9da8f0ee0a9', 'SUP0001', '2025-12-04', 477),
('69002032-95d8-4521-8878-229fbf902f1e', '2e52fef5-db15-42ed-883a-3b1d52224acb', 'SUP0001', '2026-07-22', 363),
('b00fb069-2f94-4687-872a-1044a02c09a8', '6ff4d163-50b7-4542-8443-67ccc78fa872', 'SUP0001', '2025-09-20', 342),
('552804d3-d8ec-4b55-88be-47662cc64aa7', '9184c1b6-577b-4344-957d-8aeaaae5135e', 'SUP0001', '2026-04-12', 520),
('dd53ff03-d062-4a0d-8af1-8872d140ed64', '381a90f4-8caa-4093-81ec-9f2fdb9fcc88', 'SUP0001', '2026-03-12', 663),
('753b4c44-f90e-4097-a0f2-0d6e9cdc99d2', '151bce26-26a6-42fb-bb4d-0fad75fc3fe5', 'SUP0001', '2026-08-14', 286),
('023d2017-7e02-4222-91a1-ae9fd24d5403', 'a5112a33-10b5-4cb7-8038-48240aa18404', 'SUP0001', '2025-12-26', 483),
('15c1fef4-91e5-4ce0-b488-0d4f2982efc8', '7958afe8-cac3-4b8d-bf57-184915f7caf8', 'SUP0001', '2026-02-01', 235),
('3edd9981-29bc-4a07-9d28-7b1bdc360e1b', '074b6c1e-0eff-4d6c-88aa-8fc60a81aaf0', 'SUP0001', '2026-02-02', 333),
('36f05424-4931-4a9e-b482-47797b75d503', 'ebf0dce9-12ce-4443-985a-2e72e73aaa88', 'SUP0001', '2026-05-27', 794),
('1bde0471-f8f6-4e69-91f5-89c6775b42c0', 'd1db27fa-d019-4cb9-ba30-fe6afe653456', 'SUP0001', '2026-08-24', 3),
('fe41e33b-6512-464d-beb1-40db8a562a04', '31b3b88d-c288-4aa7-ac89-92f0f2a82482', 'SUP0001', '2026-03-02', 60),
('7b46811d-153a-462f-ba65-d6b377872cc3', 'cede984b-0464-4697-925b-486041728a8b', 'SUP0001', '2026-03-17', 481),
('d8c20c9f-9bd2-459f-ad7e-6b4fbf91575c', '5440cc60-c59e-4911-8a0f-01c02d33dcc6', 'SUP0001', '2026-01-17', 961),
('756cb138-4b0b-486b-a146-97bae11ea149', '4383acf6-e23b-46c0-83a1-090ebf245818', 'SUP0001', '2026-06-21', 499),
('53b9083c-fa42-4c94-919b-a419a4edfb4c', '9d89138a-b7fc-44ff-949d-8dade07eb93f', 'SUP0002', '2026-02-10', 53),
('cd17eb3d-9912-4926-a4ba-9cbc79b2afa0', '816e3dfe-5e9d-43ca-a015-1ec5a3652dd7', 'SUP0002', '2025-09-22', 647),
('6e290f3a-a27b-4e29-a5d3-d8659868c15c', '4f7f4c60-a948-499f-9c7a-fc6542e0261f', 'SUP0002', '2026-08-07', 716),
('03eea4ec-6ab6-4780-822a-bee1efa4dcae', '3f4d4467-59e1-4647-a4c5-ebe6789aab63', 'SUP0002', '2026-04-27', 693),
('749652bc-749c-490c-9e4c-e69c6fc74363', '4b859bdf-09ce-496e-bc6c-2a953b908954', 'SUP0002', '2026-02-17', 633),
('682f4261-4a0e-4339-9116-ffcd9ac4ad01', 'c150bd47-0d12-4d52-bc28-b48e270e6cfa', 'SUP0002', '2026-06-18', 722),
('7042788f-52a8-440b-bb2d-3b2bdd223ab6', 'cf5acc2b-6c5c-4967-967c-4671388b2d65', 'SUP0002', '2025-11-19', 57),
('7c184dd3-cbdc-4363-8521-dcaeff12a7e1', '4c1ccff3-0bde-40aa-846a-bf3b76c4cd7f', 'SUP0002', '2026-07-31', 487),
('c632ef45-bf84-459a-b95c-b5081de583fb', 'd8493bc0-0b5f-49e0-a8c3-ecd18aade23d', 'SUP0002', '2026-07-03', 612),
('1137526f-534a-4b51-8ce0-6668951580f6', 'fe934110-0f38-4db4-a450-8590d8dc0406', 'SUP0002', '2026-04-10', 769),
('f6dd3ba6-2b1e-4211-967c-3c3237370f53', 'caeab869-d7e8-4719-82c3-cae56a18180c', 'SUP0002', '2025-12-20', 448),
('dff331ea-b5c5-4078-9250-ac5c385016c4', '00de46fe-c1a9-46e3-bdf8-ae1d02eef3d3', 'SUP0002', '2025-11-27', 95),
('21c625ad-5d68-43ad-b96d-4d5d4364ee85', 'fd3abfe7-7d83-4f59-84ce-0364a5249a39', 'SUP0002', '2025-10-26', 270),
('ff91fd52-fbba-4bf6-821b-a4dd73f38519', 'd4d8c6bf-9f5e-481d-932a-772c5850827a', 'SUP0002', '2025-12-02', 871),
('b6e4c97a-cb64-491c-8607-ae5abf1a1e2a', '98070a72-65ad-41c8-a436-2de8b9b34465', 'SUP0002', '2026-08-15', 636),
('5c3efe02-6e41-4900-b02e-cfb35d90ccfd', '5afc7932-0785-4f61-94a8-08198a2ea51b', 'SUP0002', '2025-09-23', 776),
('7d9a7c1f-35a2-4885-be68-5cb2344f426e', 'aca55668-f4e7-4e4c-b183-b8b54dacf2a4', 'SUP0002', '2026-05-10', 150),
('9d65eada-553f-4d9b-bcd9-6ec654a7a601', '08688328-658d-4788-a612-e6ad2ef89279', 'SUP0002', '2026-08-23', 890),
('c30c5270-01ff-48b4-8551-f5b2dd670ed1', 'e6c9e187-23eb-4c61-8c14-0dbbab1ed349', 'SUP0002', '2026-06-10', 218),
('a2e9afcd-b17f-405a-9ab1-de318b222c4a', 'abd5e309-355e-4eec-ae04-12555e8d55b2', 'SUP0002', '2025-12-07', 277),
('bbcf9b50-866f-4cbb-9863-2510d0a0fccf', '6d9fbd22-c5c9-49b2-863f-232dcc3c27fd', 'SUP0002', '2026-08-01', 350),
('27c0f910-52d2-41d5-aa7d-b124e87c6fec', '600d104d-be9a-417c-bd92-a3c08cffe380', 'SUP0002', '2026-05-05', 824),
('7c25e6e0-c248-4436-930e-53d38b2e0557', '2fb4c84f-84aa-4a74-af90-fd15de35be8a', 'SUP0003', '2025-12-19', 225),
('04fa8b02-e7f9-4847-9bd7-278229c9ac78', 'acd334b0-2d33-45b6-9a1e-e5521b97772b', 'SUP0003', '2025-10-04', 225),
('6093eac4-587b-4633-acf4-22dd3c729340', 'abc0cb0f-0719-493b-8d4b-bee8484475d5', 'SUP0003', '2026-06-08', 18),
('761d3887-43a6-45ec-bd0e-a01fb81d6047', '849b936e-3330-4014-bfd6-4a3ee844ea33', 'SUP0003', '2025-10-25', 747),
('29a7cb73-dc18-4121-a3b3-3be84205f858', '2aa652ec-f004-4a5a-aa28-654feaadf1e6', 'SUP0003', '2026-02-17', 879),
('594b21f0-2e7e-43be-9b8e-69f434bafba1', '1317201c-165a-49e7-b697-ecf0638d2485', 'SUP0003', '2025-12-12', 781),
('084557a4-f751-456c-9f0c-6d00aa4bbef8', 'ab63cea9-d78a-4f27-aef8-72dc36ebf541', 'SUP0003', '2025-12-02', 77),
('1fde527b-d1ad-4e64-86d5-e56c6f852913', 'd664b8eb-1740-4c20-b46f-217a34176908', 'SUP0003', '2025-12-27', 7),
('252be921-a703-435d-8d90-17f908e1b35e', 'a3126907-3f74-4b79-a23b-4d097bf3817d', 'SUP0003', '2025-09-12', 744),
('05e282f8-fa46-483f-8c2a-458ae42936db', '3fc0ecea-3015-4a7e-bf50-e6c03e22f17a', 'SUP0003', '2026-04-16', 507),
('7a8737f5-d3ca-419b-a7e7-93463d4132d0', '7647c586-933d-496b-a51f-69b3b425e58a', 'SUP0003', '2026-06-03', 629),
('4516fb74-cb00-4e2b-92e6-eaf43af940e8', 'e3e9f70f-012d-490b-95a3-87c25b37daa1', 'SUP0003', '2026-04-03', 952),
('7fec1a9a-14c3-4f26-9a0d-53658827ccad', '66e83eab-f926-41f4-8916-84f3fa0795c8', 'SUP0003', '2025-10-26', 746),
('bc67b247-8b72-40b9-8714-92675d4b210d', 'c23313dd-b6d5-457f-a6ae-9412b6008112', 'SUP0003', '2026-02-09', 792),
('71d59943-2e34-4fd5-a4e7-970db4c9f08b', '980f6b65-d3eb-4ee4-a518-fca8895fe345', 'SUP0003', '2026-08-21', 446),
('735fa507-ed18-43e9-81de-345383914f2f', '192c6d5f-039c-4690-840c-048de03f45af', 'SUP0003', '2026-08-02', 342),
('46057711-3559-45f2-ae00-6b9eb1b9133f', 'b1977057-6dcf-46d3-ab21-bdb2f5f022d2', 'SUP0003', '2026-04-29', 690),
('b49965ab-4c1c-461c-9a4a-8dc032019595', '3ac5dd80-7d49-4b3c-bd92-146ea6f1232d', 'SUP0003', '2025-10-23', 30),
('b04a5936-5682-4a2a-a8cc-a36ab528e565', '1ada7f19-24bf-4b4c-8896-32c8f15dfd4c', 'SUP0003', '2026-04-24', 493),
('75fea845-f803-44f2-9a39-f506a2c1dc11', 'ab41bc9e-da0c-45d8-9c6c-cc6e2d543de0', 'SUP0003', '2026-09-05', 26),
('fe814ccd-3191-4e34-9b5a-16c61223fa75', '3d091f39-9c6b-41f3-bb8c-79e5a036c7a7', 'SUP0003', '2026-07-02', 194),
('fb5bbb47-e6a7-4a38-9253-ccbeb25c2d33', '38cd96bc-f95e-450b-bb8b-2b3e11b89d79', 'SUP0003', '2025-12-01', 787),
('e5163f2e-5672-4d9a-a48f-e084971c56f1', '4d513592-7653-446d-a315-4c5e8b857152', 'SUP0003', '2026-04-01', 383),
('7e6c1f6e-cc98-4074-bfbb-dd47ad5848ea', '21158b66-a055-47e3-abfb-6c22892f2f00', 'SUP0003', '2026-07-24', 143),
('09ed4787-8349-4de1-a734-61bcb00a850e', 'ed60b0f7-069d-4d85-9dcf-3cf6748584ff', 'SUP0003', '2025-12-25', 447),
('8cae62cd-461e-4b35-a180-8e4c4a39ca33', 'e4cb36a7-3be7-424a-ba0b-89fe1b0f492a', 'SUP0003', '2025-09-18', 602),
('6cad71c3-1305-4628-9006-06db34a23abf', 'cdf26107-b579-4455-8ae4-778529093f53', 'SUP0003', '2026-05-07', 917),
('085f0d3e-4681-4da8-b9fe-15be043e286b', '11943bc1-19ca-4d6f-b36f-60db94ed198d', 'SUP0004', '2026-06-01', 11),
('18909d32-243d-4fbf-a2f6-131dc7b58648', 'ac6caf40-2ef0-42a0-b850-0b0c7965aec6', 'SUP0004', '2026-04-07', 37),
('08eb38ad-f859-43cf-bf83-c612a2019143', '8fdf253c-1c3c-4dbe-af1c-e31e4a6e4775', 'SUP0004', '2025-12-11', 21),
('6a23e471-60e6-439d-b911-95edda6353cd', '751c9e97-b926-40db-97b0-5775618fac7c', 'SUP0004', '2026-05-12', 646),
('c95fbd68-914e-4661-b9f9-c1166004414c', '01b14d82-42f4-442b-be38-1b4e7b4609e2', 'SUP0004', '2026-03-13', 445),
('57b62b3c-06a0-4ed3-9099-264344507091', 'a4682f02-3911-4bac-93a2-5d9421b08861', 'SUP0004', '2026-09-07', 955),
('d8fb4d8f-ee72-45c8-95fb-fd36f23345b5', 'd4a881e1-8677-45f2-80d5-219473a7f8bd', 'SUP0004', '2026-07-18', 459),
('bf5bda87-cf84-4568-9135-75349920d096', '2f72287a-064d-479f-8d5c-cc6c2f0aec07', 'SUP0004', '2026-07-21', 625),
('9bc10256-de69-4f38-b18f-590f97ecb8dd', 'b6b89f69-e301-458e-81d3-447053b89ba3', 'SUP0004', '2025-10-16', 288),
('0a7e1ac6-55e8-48c3-9908-787b29520f62', 'bd846fb6-ca58-441c-8025-5e5fec3c71f0', 'SUP0004', '2026-03-05', 385),
('2d1aaef4-6534-40db-968f-680be560e1a7', 'e9722815-c13a-4bf5-ba18-b4ded7b0775e', 'SUP0004', '2026-05-04', 48),
('978e9f7a-5701-4c75-9f28-dee14c61be8a', '80b83027-1ed4-4dd2-804a-6dae0781048c', 'SUP0004', '2026-02-01', 610),
('76308232-019a-4a50-8f4c-c2adccd8db8a', '5164591c-5e07-4bab-87e9-9ed57c7dc06c', 'SUP0004', '2026-04-30', 428),
('df49992e-e8f4-4d21-a7b6-4357e5818970', '85690260-ac02-44a0-8cd2-08cd338fe3a2', 'SUP0004', '2026-08-26', 542),
('eba53389-c437-43cd-bc18-a8941d32a584', '57b9124e-4a36-4068-976a-3a6f5786a2b3', 'SUP0004', '2026-01-06', 614),
('f59ca680-9877-4411-93d6-94e767c7952e', '464ed61c-5bdf-495b-a6d4-e4c621e258ec', 'SUP0004', '2025-09-14', 358),
('1feff998-6784-458d-a7fb-0863f496653e', '043c6b97-a831-4b58-9de0-e65c15a17835', 'SUP0004', '2026-05-27', 175),
('31cd1229-e5b9-4e13-bd66-44cf614d9b09', '2f5d031d-296b-4ee9-938a-1481154d007c', 'SUP0004', '2026-01-13', 183),
('5205fab4-0be5-4c45-9823-6589673cae11', '0d734692-ee5a-454e-b744-ccc81e46828d', 'SUP0004', '2025-09-28', 325),
('d1247a7f-7551-4b64-b89f-029c80d87f2c', 'fa778912-96d4-4ecb-8611-325243422372', 'SUP0004', '2026-04-19', 24),
('a94a141b-724c-49a8-a7f0-8ce021ded3ec', 'ad1c8ca7-8fd9-4f57-a34e-cf8911b96170', 'SUP0004', '2026-02-08', 415),
('4d5f2151-abe9-415a-9b7d-ce554fb0c6c0', 'd095594a-e263-4592-b3e0-35c7b3fa9cb8', 'SUP0004', '2026-05-30', 738),
('2ff0c851-18b5-4ff0-b888-04542b3b5eab', '64516a1b-b794-4147-929d-ca1c7b1760bf', 'SUP0004', '2026-02-10', 891),
('53545926-2b7b-475f-a066-44f1fcc79ead', '7d1ce2e6-290b-49be-ab36-b9944cb90534', 'SUP0004', '2026-05-23', 507),
('7c8480f4-b0cf-4041-a788-ae50c79aabd3', '2f639fe7-fc7e-4d55-915a-93aa2249c613', 'SUP0004', '2025-10-20', 494),
('343cb0a6-9383-48f1-a9ea-6af6d534d186', '3a01ca35-ba9a-483c-89ba-0c49ff5763bf', 'SUP0004', '2025-09-19', 963),
('fdeab03b-de09-48a9-8e42-074dc8988017', 'b46f9d7d-2c97-4943-afb8-2acdb6743f3b', 'SUP0004', '2025-12-13', 50),
('7e40d582-7572-4e80-b8de-b16a29380643', '7a45770e-7c26-4eac-96bb-9212ff84c37b', 'SUP0004', '2026-02-02', 636),
('9d31ef9e-c68b-41e7-a1ea-6b93fb6c6d30', 'e5cf1f49-e8a6-4c5f-91fd-948fc81ed18e', 'SUP0004', '2026-02-05', 651),
('d7c3dfdf-294a-4e1d-9b8b-16b1c7446506', '154d68c7-3a6a-4643-b852-554c4b39abd4', 'SUP0004', '2025-12-12', 11),
('75d50541-ad35-4fc3-a3f7-0577897b804f', '66d616ae-f30b-4a99-932b-a04a3ad0e4cc', 'SUP0004', '2026-05-28', 785),
('846324e3-6f03-47c7-b2fb-a89f916589ee', '7c686423-ce9d-4c2d-a6e3-e9d121470fdc', 'SUP0004', '2026-02-22', 486),
('a8f60a04-dd4b-48de-abf9-da6254070b33', '23c55d3a-67ef-4561-a6be-931185fb2b04', 'SUP0004', '2025-10-10', 292),
('ce5ae0e3-7ae8-4390-9221-c0756e32e64e', 'c7464357-048a-4877-91e1-da0efe8fed1f', 'SUP0004', '2026-09-05', 928),
('49f11438-c258-433e-b4e7-3751359175f3', '1728a1dd-8c4f-450c-a78c-4b88ce3596dd', 'SUP0004', '2025-09-30', 835),
('209ce0bc-0cf6-4a71-99b1-f134be142ecd', '3996cf85-4398-4841-b997-a94715a6f874', 'SUP0004', '2025-11-08', 748),
('d94565cb-46bf-467e-ae97-d1c0dd76561a', '564ec4ed-af47-4add-bcf0-9ee2c4f3d93c', 'SUP0004', '2026-06-09', 269),
('24494964-430b-4491-8f21-002217c63bfc', 'c89b6171-51e3-4a6b-9e1d-5ca1c982a2a8', 'SUP0004', '2025-12-01', 803),
('8662bd7d-7301-4941-b814-45574236b7c7', 'b1da5450-3ad3-4040-b7bb-e8e229db9e67', 'SUP0004', '2026-01-20', 64),
('99188a61-441b-4862-a7f4-8c4a570823b7', 'd8e71b5f-c253-48cc-b5c5-2a29b1fd969c', 'SUP0004', '2026-03-21', 870),
('97dd85d8-1a48-4372-a7ea-d5752f048743', 'b557c0ae-eb2e-41d2-95d7-4f22dbedeaf4', 'SUP0004', '2026-02-12', 338),
('d16e69f9-9251-4168-a9c8-58e469137b41', '56f03b8d-a08a-4fa3-81d6-8fdca5b359fb', 'SUP0004', '2026-02-11', 388),
('7d2a3169-d49e-44b8-9d29-38b094ed48f5', 'e2a7fc2c-5b18-4ae8-8ed2-cbe5d9d63a29', 'SUP0004', '2025-12-02', 532),
('f883db59-c47a-486c-ab02-71af00129d7b', '6deb4ab1-fbc4-46aa-8aaf-674b7c7d74e5', 'SUP0004', '2026-04-14', 994),
('a354332b-0c6f-4f44-94ae-2b6d65c4f802', '84a6e606-680f-4ca7-b9b0-d6a83515565b', 'SUP0005', '2026-01-03', 115),
('e2988074-8043-4fda-a017-f09f58d5fdc5', '1f532d81-b277-4edf-9c47-d6084aef5183', 'SUP0005', '2025-12-01', 292),
('590e4efd-c310-4c8f-97e4-633e8cf789f8', 'dc68c85b-09c6-4d97-a2f9-a5c364064980', 'SUP0005', '2025-11-26', 264),
('d68ad5e3-fe2d-47ac-8dce-4f0ad2736ea5', '83c17a31-f35d-4cd9-b486-d9a9f031b82a', 'SUP0005', '2025-11-18', 651),
('a28183cd-22e1-4c0d-8e9e-fb7a2e3c7054', '4f11cf75-cd19-4f2a-b8f1-38d8ab39709b', 'SUP0005', '2026-07-11', 894),
('47ebef72-6691-414c-948c-b7713285ce88', '1a0ec383-3e9b-4fe3-a5d8-edd4857ecaad', 'SUP0005', '2026-09-07', 580),
('0bc2b165-ef24-4dd2-a3fd-65ac07bd6885', 'b19761f6-c862-4e34-90c7-e76d9230aad7', 'SUP0005', '2026-01-24', 651),
('1bd29844-ca96-4ab1-9825-30373f6c3fc8', 'c66ce13d-b312-415b-b198-14d53505ade8', 'SUP0005', '2026-07-10', 601),
('80534020-300f-4f05-a784-1b94616380a9', '35b6e4ed-14aa-4695-8f6c-9bb884e127c8', 'SUP0005', '2026-05-10', 236),
('40de34ef-bb70-437e-99a9-5d67739401d5', '4c9d525b-249e-4693-81e2-a40e1fc0f9c6', 'SUP0005', '2026-08-10', 608),
('2185564b-bb10-4512-8bbc-eebab6e2c94b', 'd752a76f-0208-4c96-9e32-4b12de11ba4f', 'SUP0005', '2026-04-15', 70),
('49d513df-7a48-451d-8a18-93d15006ab24', 'dc972041-7956-482f-be18-bf492007325c', 'SUP0005', '2026-09-03', 7),
('f9a8d534-2a2b-4028-bda4-f957ef700051', '90df8155-f9f6-4727-b964-f0cb8044d462', 'SUP0005', '2026-04-17', 261),
('f9b8a9f1-5218-4953-a36a-a07196170e34', '663d7612-84b7-4f3a-a0fd-cd8d4c7c639c', 'SUP0005', '2026-09-10', 584),
('8dfabb76-f590-4e30-b5fc-33a3d6962f1d', '2e6e4d0c-6db9-424b-b438-0de62f08f4f9', 'SUP0005', '2026-08-09', 934),
('d7f13085-e541-4871-a2c0-831e54c1c5a1', '208c5042-d973-4544-a825-481987cf4748', 'SUP0005', '2025-10-20', 773),
('4bf261d2-1f0a-4930-afd0-990c859f394b', 'b4760995-dc76-44f1-9ef5-b066eb6b32ba', 'SUP0005', '2026-05-14', 880),
('074e6b3b-0582-42f5-bd7d-a9d2126e138a', 'f59878de-a000-4060-a65a-22b9ac77a6d5', 'SUP0005', '2025-09-14', 280),
('11e6acae-7a89-4502-8b94-4775972b2c54', 'f75fdcca-acab-42cb-8812-023d398e3b20', 'SUP0005', '2026-04-07', 49),
('ebf05897-8eef-416d-a374-b8caf6767054', '104f1b92-437f-4479-9bfc-f1996c423c08', 'SUP0005', '2025-12-31', 900),
('78d801e9-3dbd-4f86-bedd-9f38c33ff9b8', 'bb4d451f-ce4e-4857-b0f1-cdf528ea1957', 'SUP0005', '2025-12-16', 910),
('bc137d59-cc92-4d6c-a4ed-dcca173bf83b', '5aa0210c-c6ba-48c5-9a76-70e70179d1a7', 'SUP0005', '2026-08-09', 135),
('9f110592-b372-42ea-8041-964b9bd35fa4', 'a54f702e-f06b-4fb9-b113-9b6399ca6944', 'SUP0005', '2026-03-24', 987),
('747efa44-e15e-41d4-a98d-2e44f02a0db4', '2988057c-554f-46d3-955c-3df7b08b17bd', 'SUP0005', '2025-12-29', 523),
('eda37f3e-76e0-4a9c-b2f6-d4ead0cad981', '8dcd58de-9386-4c2a-bde5-71463ab5609b', 'SUP0005', '2026-07-15', 806),
('cfff2184-4898-4203-907a-5b9bfd04993f', '50d7b7ef-61cc-4e32-9ac7-d7238f6dc461', 'SUP0005', '2026-07-19', 841),
('97ee5006-92fc-4cf0-8303-db81643e2120', '69fd5f20-c51a-4d26-bd35-af9e7b83392f', 'SUP0005', '2025-10-20', 543),
('2ac59e41-12ab-46f7-859c-15e14a2e0bb3', '5afeb964-157f-4b17-9fbd-84f69fa61a39', 'SUP0005', '2025-11-12', 432),
('ad467a3b-3637-4f5a-ab03-1f3d8364d2b7', '3d43617d-172d-4039-ba34-d81363447887', 'SUP0005', '2025-12-30', 142),
('f2bbbb43-c26c-45c6-860a-34f22e58a498', 'd024772c-2525-4791-bded-2b060396b473', 'SUP0005', '2026-08-05', 473),
('d983ba8c-02c3-4e41-a87b-7f1e88469758', '1ac4189d-4ff0-435f-9b41-730a54a29dd7', 'SUP0005', '2026-01-16', 728),
('9ef14362-4240-4cbb-92f1-8240826ff004', '397449a6-40c9-4664-8f0a-9d52c337e0ad', 'SUP0005', '2025-09-25', 172),
('d8f635f4-ef61-48f7-af38-4eddcda8eaf5', '62cc4665-742d-4352-a5bc-7f2e96be3a3e', 'SUP0005', '2025-11-04', 248),
('8c80d2e4-63d9-4649-b387-cf596d7971cc', '08ca9892-df73-4c59-8fdc-406a2528fe44', 'SUP0005', '2025-11-04', 168),
('50dee645-9c3c-4a41-9f43-dae8b59adb8f', 'b6e78200-c5f8-4c46-9a36-640eb9a5fa41', 'SUP0005', '2025-11-19', 858),
('5b1d984a-2018-4632-b64c-2dead3e4ae3d', 'f5e3d4ec-9d7d-46b2-bbaa-d8c2b978a52f', 'SUP0006', '2026-01-25', 926),
('8d56e7f8-8a42-4ffe-8b13-0e0bc58dc47b', 'eab4cab5-1683-4740-9182-57400ff30f9a', 'SUP0006', '2025-12-21', 859),
('7aecde5c-65e5-44fd-a117-e596cc85af6b', 'bd5eea82-bd06-4b63-9a90-286cef24d3ed', 'SUP0006', '2026-06-01', 382),
('e82311ad-7502-4eec-ab1a-6e69aee40d58', 'ffc0e233-a514-44be-8427-9f3ead6a34d5', 'SUP0006', '2026-01-10', 37),
('80593dfd-c97a-4df8-b97c-d2889a128a50', '9bed4407-b67a-480c-b720-e90b14716a8d', 'SUP0006', '2026-07-28', 260),
('71bae71c-e3b0-4078-8e4c-490bb4e388b3', '434707a4-0e8b-408b-90b9-effc1a4dbb0f', 'SUP0006', '2026-03-12', 24),
('96cf1526-62e4-41a5-b42f-3430442b784f', 'c2bcef4d-f2a9-4ed9-811f-866fb22e31fb', 'SUP0006', '2026-08-27', 740),
('ffeda8be-9d59-4271-bbb3-1ab1cb5ace7b', 'e4786a06-0e44-45e1-8a2c-e7790d5c0e07', 'SUP0006', '2025-11-03', 681),
('bd6a87a9-0da3-4f87-abfb-dcf64dc7a064', '6ef64a40-6535-404a-ad82-93ed1a86016c', 'SUP0006', '2026-03-03', 236),
('bad5beba-c0f6-4815-90ea-0ce8c3b5bb27', 'db532c56-b44d-49d5-94a9-d8008d670862', 'SUP0006', '2026-03-28', 628),
('d0583415-0403-46ef-80c8-9c19138df8b2', '0edf33fe-8d56-4637-bd3f-91765e004b31', 'SUP0006', '2026-05-15', 561),
('4721552f-77b0-464d-a7dc-0a1c1294f3c2', '0da46598-b803-4149-bc7a-618a580b63f9', 'SUP0006', '2026-05-15', 845),
('22914b6d-b488-4469-9a88-51763bc2ecd2', 'cce38252-384c-4ab5-b8c5-4b138a784838', 'SUP0006', '2025-12-16', 409),
('1f20eb05-a7f4-47b0-b490-17af97109bdb', 'e8b9ec7b-9bbf-43bd-be90-6cfb2fc4862c', 'SUP0006', '2025-12-04', 886),
('85909e37-eec4-40dc-9671-6466f2783718', 'bc80cbfe-a986-4c5e-b3ba-148000e41056', 'SUP0006', '2026-03-07', 904),
('b8cca9f1-ba73-4714-80f6-235d5414ce4f', '1d352523-ea2f-4fe5-944c-6af2291250ff', 'SUP0006', '2025-11-17', 967),
('676fcf1b-54cb-41b4-91b4-e21cd5e6be28', '0041a6e1-7cac-4742-af03-edf310fd76b8', 'SUP0006', '2026-09-08', 24),
('b48ba9bf-2f65-4c40-9e94-c18230627e63', '8393fc8a-8fdf-41be-a740-119c4bdef575', 'SUP0006', '2025-10-13', 653),
('7312d64c-2477-485f-b16f-d3efc0d22afb', '358c464f-8303-4966-8466-04ef4d331f2f', 'SUP0006', '2026-03-11', 281),
('56692e8e-634a-455b-9c41-a6ecbcb30e25', '97dfc7a8-a033-416b-acc3-12d30790aa66', 'SUP0006', '2025-11-07', 572),
('a4535cfe-5650-4749-8609-1094b14808a4', '3f9921f4-3322-4b90-8e2e-9dbfc90766bb', 'SUP0006', '2026-06-03', 186),
('2621ec55-7793-43c4-b39e-413db3b7b9d7', 'e3ffced6-8f75-45d0-a7aa-449fcf656c99', 'SUP0006', '2026-02-27', 32),
('ce9feadb-a75d-406a-af6e-8ad5e356b425', '357dd487-3d76-4d1c-b40e-5840192c0a41', 'SUP0006', '2026-05-14', 199),
('2b74501e-f6a4-4a8c-b8a7-1cffeb271d4a', '6499ecf4-c7d7-4350-8ec5-ef00eb697f84', 'SUP0006', '2026-03-10', 846),
('8ba99669-0126-4c6d-b668-2ce0a00d79d4', '06a5955c-6e6e-46df-a2d5-eb3d744261ce', 'SUP0006', '2025-11-17', 136),
('7d8f7dc5-5ddd-4f4e-b7d8-d88492fecab0', '06d74bb2-4edb-4080-ac4b-a58a97b27c38', 'SUP0006', '2026-09-04', 562),
('2c446cde-ff55-406a-a021-0cf32dc922ee', '6c799a15-1953-4dc6-a713-3aebadc08568', 'SUP0006', '2026-02-07', 854),
('f859d867-f9b8-4816-9f3b-ee33cb2107c0', 'fb6a14f6-8104-4166-a026-8508e70a429f', 'SUP0007', '2026-02-23', 929),
('875ecea6-56b7-449e-991e-1e0537c6cdff', '892848ca-8d1e-4c9f-a94b-bcbf4300d323', 'SUP0007', '2026-07-18', 343),
('f9efd1a0-0be0-4b0b-84a5-a7e8e14ef3e4', '5bf722b7-bf2a-4680-93bd-f0a304001109', 'SUP0007', '2026-06-19', 155),
('abfcd194-b774-46ee-a992-8d4c22ddbf6f', '73219edb-2035-4ad0-aa33-05b7ac99a7df', 'SUP0007', '2026-02-28', 852),
('02b1257a-42e3-4844-a028-b28141825f31', '41f6f900-ef08-4f82-a8b6-6832ab14d0ee', 'SUP0007', '2025-12-27', 265),
('dbae4362-3779-4f72-9d23-38c026fc48fa', 'ffcfe247-d969-428a-9eb3-627d8f52f5d5', 'SUP0007', '2026-03-19', 516),
('b03fe3e7-7cdd-4680-9b96-49db7b92fd82', '61cd9fa3-99c1-46b0-b748-0ab4b1798ae5', 'SUP0007', '2026-08-14', 818),
('eb812365-e406-48c5-ae1f-2da8edc77cce', 'e23da533-ef40-4a70-bd84-3dcfd5d764db', 'SUP0007', '2026-01-16', 563),
('a0e55bff-d0e5-47e9-b4ca-0e0155df9120', '88a4f9f5-607c-464c-b8b0-2984b13d88cf', 'SUP0007', '2025-12-03', 885),
('2a393345-4ff5-433a-b04f-1c07bc8c0d52', 'c3aa5027-49e2-4e8f-8691-63d905ee0250', 'SUP0007', '2025-12-27', 523),
('25f8f375-d9cb-45f8-abfa-29235c55ccc4', 'f22bc651-5655-4c7e-8e2e-a6a4c82b8a10', 'SUP0007', '2025-11-25', 938),
('2a82db60-eebd-49d5-af93-6d5b0c50f7ed', '2dc96ce5-c28c-4e42-8ed8-2675ea4646f8', 'SUP0007', '2025-10-17', 53),
('1ba1a87d-5a2b-4a5c-9822-64ee3f0c4cce', 'bdff6a05-4fc4-4ed5-b222-809b54cc6270', 'SUP0007', '2025-11-06', 234),
('68ba2cb0-33fb-4a62-9c80-0a6b0330d9d4', '67562082-1d20-494f-967b-17497343ce4a', 'SUP0007', '2026-01-23', 716),
('09b15b15-ca09-4806-8c6b-cc234d52f0b1', '1e608da8-338b-4263-88c4-3bb4c6b90e79', 'SUP0007', '2025-12-04', 983),
('b7a92cbd-a82f-4bdc-8645-772f77bd646d', '474d8276-b556-4407-bf8a-3d4626106294', 'SUP0007', '2026-04-30', 42),
('9e9814b6-ce09-42ca-a071-c9e701f6229c', '270689d7-7f39-4a01-bb90-3718a36b9a98', 'SUP0007', '2025-12-08', 637),
('0e445e1c-f2b8-4882-ac27-a8387f72c098', 'f1476ad4-5885-489e-8f23-eb19d7044270', 'SUP0007', '2025-12-16', 518),
('2e6dd13a-5f3d-40a9-b6c1-76516667add4', '21a4b92a-c876-4677-b0b7-ee8fe037c59a', 'SUP0007', '2026-05-07', 72),
('49da962b-413a-45b7-8851-3888cba36ccc', '0222fd6c-c71f-4e00-9608-5f8128f29899', 'SUP0007', '2026-01-17', 267),
('a917dd49-9cd5-45ca-82b7-3e11d57decd0', '13664388-1830-40cf-b5e6-6edc5ab2a6bf', 'SUP0007', '2026-06-14', 503),
('6eb76b00-b56f-4aeb-aea7-a9decf6b0405', '54a02873-1702-4c34-a36f-9ba621720970', 'SUP0007', '2025-11-23', 503),
('89d9056f-0392-406a-9147-a9b07ad6a3d1', '257fc5ee-34b5-459d-a7a2-e38f173b98cb', 'SUP0007', '2025-12-04', 86),
('2ff9dd64-2c6d-4164-876f-78f24603a0a4', '905519cb-0e85-4527-90cc-c8daa7d9fc75', 'SUP0007', '2025-10-22', 574),
('b23097e2-f973-4652-ae5a-9aeffe2b87bc', 'dfacf892-0305-4919-b149-ae3e38c9a09d', 'SUP0007', '2026-02-03', 186),
('db090132-0510-437b-9373-d17764f8cd79', 'd4b4efd5-be84-4ea7-92a5-5a3a924ab4ee', 'SUP0007', '2026-05-18', 194),
('6f0001a3-137c-4e0c-835a-67f0a38c8609', '41b0ccb6-cde8-41a5-a42e-9bbd1b1741e6', 'SUP0007', '2026-09-06', 406),
('8b027f3d-93b3-4ec1-b1c7-c09c40a763db', 'fda2a920-518f-4ef6-8fb1-d5a4f37040d1', 'SUP0007', '2026-01-31', 977),
('ad678df8-8819-4eca-8d67-7a5b2f413126', 'a7396d58-6f93-4416-9c87-facc7f27299a', 'SUP0007', '2026-09-08', 480),
('f26820d7-cbb9-4551-adbe-d3a3dec71d0a', 'c292ade5-abf1-46d6-9051-030f7765f2e6', 'SUP0007', '2026-04-14', 202),
('5a98eef8-0b22-4488-b7e6-7efb8681da6c', '8f9d406d-075c-4331-9c37-97a1ca1c2bea', 'SUP0007', '2025-10-20', 775),
('46a0eda7-d3fa-44d3-8870-881149e0848b', '027eb2f8-5409-4cca-b6ea-d22101b83d72', 'SUP0007', '2025-12-19', 681),
('15bf78fc-c9fa-45ff-b856-9c652eb12b1e', 'fb3354e5-cc16-4b4d-9502-26156b2a1114', 'SUP0007', '2025-09-26', 579),
('80c7c267-7900-43c9-9120-50d059a26aa9', 'e95fe14e-43ea-4aa8-b71e-48429828e3dd', 'SUP0008', '2025-10-11', 761),
('21461b14-a492-44c7-8c38-d42acff05a37', 'cf4747a0-20e6-4d36-a129-27bd072413cf', 'SUP0008', '2026-08-11', 407),
('79b49b1d-6cb4-4dba-85dc-041e64c1dcd9', '160619b4-998f-4676-9619-aa16500c1522', 'SUP0008', '2025-09-22', 205),
('a7bb5706-804f-45f4-8faa-006a737a3a86', 'c426395c-8164-4f72-ac23-f6331283def5', 'SUP0008', '2025-10-10', 627),
('c83da29c-53bf-44a2-9e14-306a9baa74bd', '1d152e5b-eb38-4a9a-b0f2-7228bb00171f', 'SUP0008', '2026-01-02', 313),
('6ac92a17-b0f0-49be-94cb-c78311f5a624', 'd9272f89-c00a-4c58-b02f-b58ab365767b', 'SUP0008', '2025-11-05', 651),
('cd4d9eb2-4101-4685-83f7-d8fc51a878e8', 'd3b8f3bc-79da-41a8-a80e-274c4abdc86b', 'SUP0008', '2025-09-12', 80),
('cd572f0b-6d4a-47a9-b8d3-6d7d69842926', '4b2147bc-aa36-4424-b88b-1d48ad736ed4', 'SUP0008', '2026-05-29', 24),
('e612a4d5-c1e1-4935-9774-1e91e5398ca5', 'bb8b85dc-a4a4-4384-a916-214eea6a0af4', 'SUP0008', '2025-09-19', 533),
('355c7e6d-3479-4858-bcb6-178cd791a3cf', '1a9c9db9-321a-47f0-b74e-e7a154cdcef2', 'SUP0008', '2026-01-24', 283),
('5941ffd7-9070-46bd-be0c-a6aba15c7c25', 'ff17812a-a2b8-4ad6-a5d8-eb6b080899c6', 'SUP0008', '2026-09-01', 504),
('3cca6e59-ad44-4b64-8754-a0ed220fd5cb', '50924e64-f842-4887-9436-514fa9d2018b', 'SUP0008', '2025-12-18', 189),
('d4bee25d-9a80-4de3-993c-d58f679139de', '48262026-fd6c-4dc9-8227-24a96d44841d', 'SUP0008', '2025-09-23', 390),
('b1c939ee-6a2e-4eb0-9904-6270b272143e', '514d5e36-9dbf-4ad2-90d8-010086c6c039', 'SUP0008', '2026-06-16', 243),
('c163a9f7-f2f5-4e4c-a0a2-e0b1990ae7e7', 'd1bdab8c-bd78-4751-a167-a831329f0160', 'SUP0008', '2026-04-19', 892),
('9dacd84a-3d24-4077-bd98-51bff84e084f', '4e6826cb-5d5c-4cb0-82ca-de03cbe63d89', 'SUP0008', '2026-06-27', 698),
('b3648bd2-dbbd-4f3f-ba6a-a1e81ddcb15c', '78e7a45a-f30c-43dc-b6de-9ab46e022608', 'SUP0008', '2026-07-30', 527),
('ce98116d-5184-48b0-a0c4-798e2f8d9738', '10dc13b1-f819-4413-bdc1-491bd37cd0cc', 'SUP0008', '2026-08-04', 200),
('1f06bbd8-e098-4dbd-bfbd-199c5d2aa999', 'c8a5c797-8501-41af-8db2-24d48d45f9ef', 'SUP0008', '2025-10-11', 255),
('d6de4e16-d8f3-448e-9268-bf026f4e1c1b', '03e3d7c8-5e3d-49fa-ab59-e299530a0302', 'SUP0008', '2025-11-27', 466),
('613a238c-d710-400e-961c-8caf083b2d56', '46af0714-c40b-438f-b5d3-b9b43caa99bf', 'SUP0008', '2025-12-14', 338),
('94632bb8-c4e1-443a-9b4c-5ce125e6b8c0', 'dc830ee7-f5e8-4203-a607-861388c3b0bb', 'SUP0008', '2026-04-28', 108),
('026d7d14-36af-47bc-a924-ed816f25a8c0', 'ca38774c-4d95-49ca-8d21-e3c6b5a568e1', 'SUP0008', '2026-01-23', 126),
('21d8a28d-3196-4cd0-8560-c4b8b31e6a50', '31f201ae-8ba8-486f-b4c8-21770ffc1edc', 'SUP0008', '2026-02-15', 243),
('5b3f0f80-cd22-47e6-a4f1-f7d59e77e5b9', 'd913ff81-a98b-4689-b169-872cea45f15f', 'SUP0008', '2026-03-05', 919),
('d3f3383e-6624-40a1-81ab-52be276fea04', '324b4c7e-3534-4fe8-91c2-98756422925a', 'SUP0008', '2026-08-30', 541),
('1904248c-7afc-442a-9824-3b442122cf7b', 'a8360862-a41d-4b98-9db8-d1b474e9be45', 'SUP0008', '2026-08-30', 79),
('29b804e9-cab0-4e9b-b2a6-a8461140ae3c', '9e6c8321-bc94-459b-b506-a5c2d7c05cdd', 'SUP0008', '2026-06-04', 510),
('d2685964-3a84-4a8e-91f5-133b639a0c2d', '79edc544-ebda-4aa5-9452-2421f50f4e7b', 'SUP0008', '2026-01-06', 528),
('b73d23c6-a60a-4d02-ac9e-49044e4dda46', '0c9a17f9-bb69-4ca4-9605-a033f0960979', 'SUP0008', '2026-04-21', 550),
('d5ba71e9-8220-4f81-b77d-a854e160d94d', '5074efe8-982f-44b7-a76e-1185b5344b58', 'SUP0008', '2025-11-20', 550),
('58f91bf6-e9e1-49c4-83e1-951103ecc233', '1d661d25-8d23-4797-8913-100e8a450ce6', 'SUP0008', '2025-11-23', 170),
('55261ea1-5b97-4c5f-9cb3-7acba0ec3b59', '66c61447-a5e0-4a51-8710-39dc9dc23ca8', 'SUP0009', '2026-02-12', 92),
('8ba3ac04-2bc4-4794-bd6e-d488cb2f01a9', 'e135e4aa-29a6-4fd6-9cb5-3891f6d0bd08', 'SUP0009', '2026-06-28', 547),
('de53de29-61e6-4498-98b6-00f5aca9fd1b', '88c7deab-9580-47ae-a454-24b8db6180e9', 'SUP0009', '2025-12-14', 161),
('31298878-88a2-4525-b503-419077d9905f', 'aeb34c17-e85e-4fce-b592-0bd8e320d82c', 'SUP0009', '2026-02-23', 554),
('3e28b0c3-5180-4376-8dc2-0e16a2c0489d', '9809bd17-18e6-4397-abfa-10aa8ce05620', 'SUP0009', '2026-05-01', 702),
('b78d15dc-07cf-49f6-9ce3-0553ab661d71', '3e4603c4-c30f-43bc-9f11-a18dadf594bc', 'SUP0009', '2025-11-02', 614),
('9dd3840e-194f-46a6-9924-b286682f4f16', 'd8c445e3-851f-47c4-bb24-52f8f7c888f5', 'SUP0009', '2025-12-06', 551),
('72b5aa0e-fec7-442e-9cb4-47fac1b69ee8', '7dbbc471-aa84-4ede-baee-c49a16fcbc9f', 'SUP0009', '2025-12-25', 557),
('1767f82b-623a-444a-9719-5c6b73288814', '1dd6079d-0899-49e9-850d-0217249dd528', 'SUP0009', '2026-02-19', 70),
('69ca691b-b9d1-4c9f-bd97-26795b38fc05', 'f73b5e82-8b50-4934-b64e-d769c8bf55c0', 'SUP0009', '2026-04-24', 790),
('d4a424a7-c1cb-4487-af46-68d21abc628b', '87034e87-fab9-43fe-997a-3bf1175a7e5d', 'SUP0009', '2026-03-24', 618),
('d1d12b34-a222-42b0-bd3e-859f620b8564', 'd3d706d2-3bd1-495e-936b-92625974c2cd', 'SUP0009', '2026-09-02', 930),
('da78b713-4846-41ca-bc3e-30d2dc353a31', '1bd662f4-7e26-4523-a6cd-4e25fd3e0705', 'SUP0009', '2025-12-02', 381),
('69dd0ea1-87ba-430a-b688-44c132c9d0b2', '6a0e9dd3-4ed0-46d1-af00-e97c64a8dbd6', 'SUP0009', '2025-09-25', 806),
('1443baf6-75fb-430d-b752-e7c0f01d138e', '96309cac-e409-48bc-a4fa-1ee961843890', 'SUP0009', '2026-05-27', 417),
('c9c76875-23ba-4ac1-b70a-2fba5f4d6828', 'd5ad3304-8658-4a3c-9851-d409fe2f76b0', 'SUP0009', '2026-08-09', 854),
('c213769c-ba1d-4a83-b194-9db24e80f18d', 'd2b73efe-285b-4ff6-b25d-e04cae47797a', 'SUP0009', '2026-07-25', 540),
('2c9df916-2439-450c-ab81-acc4ea387c01', 'af77ac5c-4472-444c-8305-455030894d21', 'SUP0009', '2025-11-17', 812),
('6d7f1976-61ed-41a1-993f-d8d8044e354c', '0b34f2f1-e79e-4c36-86f4-51032f1d891b', 'SUP0009', '2026-02-02', 797),
('08ac4795-5be4-48e9-8022-c91c3d6150e3', 'd1732e4b-a889-45b6-baa4-be413483fa83', 'SUP0009', '2025-11-14', 940),
('a213c66c-8f81-4fb2-bf41-45e2a066ffb2', 'd62f7a36-ae2f-4f48-a3a0-9bbd784b4d3b', 'SUP0009', '2026-07-03', 878),
('aae9e6b9-91ac-4451-b94a-d11eb86a5865', '59bc24a9-906e-4a4b-82bf-375298a10c7a', 'SUP0009', '2026-04-11', 578),
('0d89d3b1-36be-4422-9811-c9cfce8411d7', '0e6e690a-fab3-4f7e-af78-f3070a225ed8', 'SUP0009', '2026-06-11', 648),
('8dbfbd70-eaf8-4154-94f0-d34ae4ea4284', '5d2db32a-9aea-4caa-b424-33cf2c92b8a5', 'SUP0009', '2026-08-21', 374),
('f2e17cc2-240a-49c3-bc05-35e79d6cbbe1', '4b9e4829-b339-43df-a197-1dce1cd12994', 'SUP0009', '2025-09-12', 464),
('0d117b67-973b-4285-be2e-3f0073ca5bc5', '576ce8ec-a7eb-4d63-b12a-3b2186ca4865', 'SUP0009', '2026-06-01', 310),
('cab0ad56-eac8-4e3d-bca6-934a6dc58258', 'c476cefd-a870-4bb7-aee0-9f61cf1ab712', 'SUP0009', '2026-02-13', 324),
('d12b0066-5803-4b00-84ba-1078a9264dee', 'e45e1af7-0e4c-4e61-9b76-b9560bcec03e', 'SUP0009', '2025-11-18', 481),
('a0a3bb22-315d-480a-b5ff-40a3931caa72', '050fffdd-f270-463b-aa06-626fda0be1bf', 'SUP0010', '2025-10-14', 57),
('fe5ebf5c-6cf4-4ef9-8aef-fcafe9c59f71', '6e9238d2-9ef6-40d5-a16c-2da277c747a4', 'SUP0010', '2025-10-14', 77),
('2abadf23-8207-4bcb-bf1b-f82e2435f981', '4e1cf1f9-4eba-4b99-9801-f32e9aef3247', 'SUP0010', '2026-04-19', 758),
('c69c1f96-46bb-4b06-b898-29a9b1b8aa7c', '297dd779-42bf-4a3b-93ef-449b49967d12', 'SUP0010', '2025-12-12', 662),
('6b4109a6-a6e8-4e12-bd14-c2f75ad053ee', '02ddfc3f-7df0-4092-b31b-e3777e2d3a00', 'SUP0010', '2026-01-03', 882),
('c4fb2be9-ae0a-4448-b427-bc66517b87a9', '281fa531-a6b3-4e09-8e83-10add23e3d23', 'SUP0010', '2025-12-22', 543),
('c4879c9c-76a5-41cb-ad44-630e78b5d4da', '17f429c4-e5bf-490e-a780-10f60c0ff141', 'SUP0010', '2026-09-01', 49),
('2987b366-989c-481f-bd97-1909d3ee69fe', '288d3a44-0ca4-4cc1-bb33-905ea2a3cd39', 'SUP0010', '2025-10-19', 151),
('cc5c4fab-657a-48c8-8eee-917a950e091a', 'b4ad383c-f394-40e5-b5eb-75633f91f8cc', 'SUP0010', '2026-02-10', 67),
('86980c28-1a55-4123-8ec1-a536a16651fa', '4f226614-cd4a-433d-8170-5fa0e028ad31', 'SUP0010', '2026-02-16', 281),
('5d9ab3ad-40eb-4c46-9e5c-b84b56fdf6dd', '4676cc58-daa1-4a38-bb11-0c8626f9aff2', 'SUP0010', '2026-06-22', 607),
('253f7cfd-67f1-4d7f-9a70-bfe3f2c0d98b', '6af6f015-89a4-42d3-8cb7-97259ddc469a', 'SUP0010', '2026-03-06', 570),
('3e48b63d-7fb6-4284-803f-ac24334e6f0e', 'fd60cf5a-d9de-479a-8343-6470917d8fb1', 'SUP0010', '2026-01-03', 802),
('0a351813-612b-4405-8e12-f043a064aca9', '7178798c-76c6-448e-bd4e-5cc575de741e', 'SUP0010', '2026-03-19', 214),
('c483b5f4-6e68-442e-b2c8-79aa0a9a2fd5', 'c3db9ec3-ff90-4d85-b325-14e828878aaf', 'SUP0010', '2026-03-22', 61),
('7121a1af-f3a7-4710-9c45-0ac84fc77b98', '50afc845-500b-4362-8ed2-46f1758f32f8', 'SUP0010', '2026-04-23', 329),
('9ba0b695-9176-4d54-870b-985bdc47a8c5', 'b9102016-a66c-4d30-a7ad-e3e27c967db7', 'SUP0010', '2026-07-21', 214),
('0614320e-3dcb-458c-90a6-5b9dda40fe87', 'f1a349f3-e5c2-4f79-bf22-59d6702889f8', 'SUP0010', '2025-12-01', 587),
('075b249c-60ed-441f-a8ec-3393d6cb695e', 'a0ddd830-2845-4558-9958-b96075cc2db8', 'SUP0010', '2026-06-23', 34),
('8f9252d8-21a4-4fde-a250-f75b9fabdc63', '7410d38e-b8f0-42ea-8393-ae75cb1ac931', 'SUP0010', '2026-03-31', 856),
('64c91998-8017-42f0-a6ff-1d1dc7fbbf4f', '1bf9303a-f361-4d9e-bb5a-50030fb75c3e', 'SUP0010', '2026-08-06', 24),
('c7bd6595-4924-4a65-97a9-5540bc353c28', '2f1844db-3f34-4ac9-bc19-ec0a9fa4e708', 'SUP0010', '2026-03-08', 560),
('52b1c9ca-4e74-461d-a8a9-3c5139d94e20', 'a602cdbf-27cf-46a5-a415-783c6caff352', 'SUP0010', '2025-09-13', 130),
('26a3bfcb-311b-4aa7-95d9-ba8038d5b770', '71bdec90-8004-4bc2-ae4d-5427b5e2bf24', 'SUP0010', '2026-05-27', 792),
('87bd7ddd-1055-4cde-b7a5-08bd2a5eedc2', 'b9a7f9ff-52fa-4845-a33b-8a7c0f4b8c85', 'SUP0010', '2026-02-16', 597),
('a44ed3ef-3091-4f0e-b9a8-7e69e23fcc2b', 'd762359f-a41d-4821-8ff8-0b07b743fc25', 'SUP0010', '2025-10-13', 731),
('e6057bcf-382b-43b2-b4c3-df2581fe6872', '67b705cd-c4f3-4ff2-9ce2-c149a9f486eb', 'SUP0010', '2026-02-16', 478),
('92e72277-142c-4738-9164-d837fa3eb390', '713e2f69-8cc0-4416-8662-ddd4374aa647', 'SUP0010', '2026-03-12', 805),
('55016c4f-51ea-4a40-8ef9-ec1632484437', 'dfd95b16-e375-4c03-bb8b-9330b48346ea', 'SUP0010', '2026-03-13', 370),
('2ee81441-8dbe-460c-aba4-1095f739fd59', 'cc057977-9215-4c5f-8cb7-527e2902810b', 'SUP0010', '2026-08-13', 88),
('b135246e-591b-4427-a955-f4c66463300d', '801aab62-0fbe-4294-997b-377d2065ec39', 'SUP0010', '2025-10-23', 422),
('ca4377bf-08f5-4fe2-a7f8-2e9ee19d08b7', '8113f7b9-2935-4b5b-a6d9-60ad2e3cc74e', 'SUP0010', '2026-03-22', 433),
('7bcdf097-5f6b-484c-a5c3-9a5629d6ea26', '5276f41f-a58d-4e5e-91b4-abc67b450c12', 'SUP0010', '2026-03-30', 42),
('5b41557f-1cbf-4e4d-b240-be24a9638abd', 'e07605ff-4349-4202-937f-5247f822b0af', 'SUP0010', '2025-10-02', 536),
('8c8db2fb-f615-4d25-8ce9-bdab114948a6', 'a57fe8e6-ac67-4eed-8a85-3c7c97d44280', 'SUP0010', '2026-03-16', 708),
('f08fedbc-747f-4dd8-a5a3-24d5fbcb5df4', 'f6949387-df0b-483b-92e4-3c2abc6b9780', 'SUP0010', '2026-03-06', 596),
('8a16beba-e3b2-4729-8bcf-8c96f9d374fc', '0a90fb8b-f266-4665-8c12-a5a326ad7d50', 'SUP0011', '2026-06-17', 158),
('35c3c828-02a9-4ee5-b607-005e8f97ccff', '32e65e01-d7a5-46f4-82a9-8574c27e8fc0', 'SUP0011', '2026-04-16', 895),
('64fd71d3-80a5-40e8-9920-95fc2aee501d', '4ecfcfda-e9a5-43d2-aa57-88183effabcf', 'SUP0011', '2026-08-11', 169),
('6e7094d4-3dd7-47b6-8ca1-d489a3b748d0', '7021d572-791b-420a-a79c-d63ecf063735', 'SUP0011', '2026-08-28', 182),
('9c1d6643-0499-4717-a954-0fb069894a50', '50b46fd6-1097-48e0-aa46-55cd10b5b609', 'SUP0011', '2025-10-17', 666),
('f859a608-e0b3-4c12-b073-a4fbd55a355a', '54067130-2364-4f28-8d79-acdbaae2be10', 'SUP0011', '2026-02-10', 345),
('73adab14-db92-4d04-b58d-30b1a925259d', '3ae9cde2-47e2-4faa-98bc-063641d9ebc5', 'SUP0011', '2025-09-15', 948),
('7372ff71-a86f-4e9a-ad77-e9e45b6156ce', 'ed8ddc57-33b7-4ec7-8d6f-e76c3d169f6a', 'SUP0011', '2026-01-10', 7),
('fd053353-9c0c-4097-9ff2-675c79491ded', '8bf9c80e-e396-4752-90d8-d4e0c4b264f7', 'SUP0011', '2025-11-03', 119),
('6162ac32-5ef8-4086-94af-f0a06bdc2be8', '4fb30132-e1bb-4338-b25a-99404639bd49', 'SUP0011', '2026-03-20', 182),
('44a70a82-cd64-4104-9955-de0f58142fd2', 'd9f15077-c90c-4170-8d63-c4a0c3508fc0', 'SUP0011', '2026-08-11', 711),
('c8e0b40a-5390-41d3-a519-87b79b83aa7b', '302d10ca-b051-4968-ae4e-76e723e59b7f', 'SUP0011', '2026-07-05', 896),
('eb754715-bcdb-40ae-9aa3-94499c6cffb3', '037041e5-815b-48c3-83b4-ad62da213b8e', 'SUP0011', '2026-03-22', 555),
('71422289-dc12-4048-a38e-ad8dcd26e969', '8d96fc8c-ea32-466a-bc04-67786dfbb7d4', 'SUP0011', '2026-08-30', 563),
('4c39266f-e8a1-497f-b553-e919c877f9ee', '69160f65-0d87-4f4e-9305-f47b54acf9af', 'SUP0011', '2025-12-01', 822),
('53db0c52-8ca6-4d70-aad6-2cc143600966', '360bd231-ad30-4795-87c5-ad55d9f7f198', 'SUP0011', '2026-02-22', 665),
('69604dff-b73d-46e4-9e2a-107bd2579c1f', '5073f88a-7d7e-40af-8faa-fb00f6f57e52', 'SUP0011', '2025-09-14', 47),
('7cf857f0-3142-474b-b802-0a1957b2bdca', 'fb0c51d2-0a96-4a2c-9909-fadc39638fb6', 'SUP0011', '2025-10-29', 210),
('907562de-d8b5-46c0-af43-a9f8b8aeb696', '3a35c3ed-5c6f-48e9-a56a-a37bcc58a86d', 'SUP0011', '2026-06-27', 309),
('1d3c639b-ee80-43bd-8370-75eede44e15e', 'd0888550-3440-451e-826e-3e6cf855fbb8', 'SUP0011', '2026-08-11', 912),
('fbd501b4-a84c-4b54-b7e7-ec436d2c4957', '77c8e20e-f792-4315-aa86-c4053faa03e5', 'SUP0011', '2025-12-02', 291),
('51ba7622-1854-416d-8b53-cda305576147', '7a1e2c21-72ea-4147-8dc6-9227b722daf9', 'SUP0011', '2026-04-18', 312),
('869fc448-1c20-4421-955e-ea67c6341662', 'cc3ccf6c-23bc-4054-93fc-b3cc7efb347c', 'SUP0011', '2026-05-12', 902),
('22b1d269-baea-4cbc-b97f-96296afffc8f', '8c329f00-927b-4615-a4bc-a90682609d4f', 'SUP0011', '2026-05-28', 43),
('1faa87cf-3ef1-4b67-9157-66ba19865765', '7b0bedeb-fbcd-4fcb-9b6a-3428ba865a58', 'SUP0011', '2025-09-22', 732),
('5bdce768-1aec-4797-9f1e-8e0c7b220ae4', '0376665e-fa6b-4a93-b309-7e50e131d509', 'SUP0011', '2026-06-16', 702),
('61b6ce5e-3e42-4e3d-8f51-61c169f056bd', 'a418d991-9394-4bd5-a538-3e9df79cef84', 'SUP0011', '2026-03-13', 779),
('1ba2fba7-7d44-4ce4-af0f-ecab4818b51f', '954bbca1-b7e1-48e4-95f0-cdbe7be93c55', 'SUP0011', '2026-07-23', 259),
('bd6204f0-4be7-4fb0-80b7-4db65ea53739', '315f57e7-0bfd-46e7-bad7-e05f97dc5b3a', 'SUP0011', '2025-11-20', 556),
('0553cc2d-ff77-4bbc-bf0f-3aa854a6f577', '2b5c5a5a-03a7-4716-a07e-1064e4424dff', 'SUP0011', '2025-10-03', 801),
('3bf22ac9-b68b-410b-ac78-3fb2ceefc2f6', 'c2d4678b-a039-4765-b709-ad42763b714d', 'SUP0011', '2026-02-03', 153),
('867370c3-c68c-4582-a807-c173a61ce63e', '9be99e63-1cb7-4151-83f4-526949d694ca', 'SUP0012', '2026-04-24', 377),
('b14a1f85-c526-4e95-b979-364d577d833b', '3af9c070-6d4a-42e5-b3ee-a729db98c7f2', 'SUP0012', '2026-07-12', 223),
('fe97a13c-e267-482d-9c55-aa6f10a4ca5b', '329e51bc-7946-4ae4-801e-e8ea957d16ee', 'SUP0012', '2026-03-08', 281),
('22df88ea-252c-462c-af17-e8b637a9ac02', 'cc6f7085-b56f-44db-9828-c00da67e5db4', 'SUP0012', '2026-03-05', 630),
('ac1c4024-e19a-43d3-a2f0-655b660b7dd9', 'f751eb22-67bc-4366-8195-0985d08dd7e9', 'SUP0012', '2025-12-04', 549),
('73ba2026-14bf-449b-895b-a5cc3ac97e29', '13559a49-3838-48c7-a307-0c7682f0fcac', 'SUP0012', '2026-07-01', 409),
('4e110790-76f7-4588-afa5-cc6b4051c085', 'e3a99ee9-58b2-471f-b421-b5dbab1b94a7', 'SUP0012', '2025-09-26', 840),
('65ea1b42-05df-4473-8827-fa828c9b6643', '1017b8b6-130e-43f5-98bf-5fedac15e45e', 'SUP0012', '2026-03-18', 885),
('908ae67f-30c5-4afd-8a9b-516e04aa1e41', 'd34a428f-bbb7-4dc0-9a8e-e83dbbb222fc', 'SUP0012', '2026-06-27', 775),
('98f1ac0e-a6e5-41a3-9573-27b6198a9d4b', '8332cc4c-ea8f-435c-8a52-c90fe0a1d6be', 'SUP0012', '2026-09-05', 361),
('07395c3f-5851-481b-8e18-daa60881f9f6', 'b86403e5-fc35-4d03-bec8-5d51b502da53', 'SUP0012', '2026-01-25', 169),
('80f2c4ad-2a0f-4186-959c-34dd0a9a4a54', 'f18b9da2-425f-4c3e-9ca8-52e8007d54d6', 'SUP0012', '2026-06-02', 60),
('9e728e97-9888-4c53-b946-dbcfbe4e95f0', '07847f41-cb0a-4251-88c7-c5ea5c2af833', 'SUP0012', '2026-04-01', 243),
('5224158b-a9d8-4b64-ae10-aa8d7cb3c1d6', '616e28fe-7c82-46dc-b1b9-523249b4f2fc', 'SUP0012', '2026-07-15', 660),
('5cec2249-2a9e-406b-82ec-49d05c7cf281', '432ba0f4-862f-48c8-aace-eb8a51853532', 'SUP0012', '2026-05-21', 437),
('bc3f61ec-1ff8-4910-a3eb-81cf20dfc858', '0852a976-9ce0-4992-aac6-2373aedd9fef', 'SUP0012', '2026-09-11', 283),
('7d16cc56-cdee-4ca2-8e94-0b249695ac0e', '71a57f67-7820-41a8-b85e-7d0016e09e1f', 'SUP0012', '2025-09-16', 496),
('8cf6ac36-b022-488c-b9b8-86cd54e5d942', '1bbbaa9e-2fce-4fcb-822e-a44d8aca6889', 'SUP0012', '2026-04-28', 31),
('b7bc700e-bac4-4681-a7da-f2c7d9ddfa10', '2cd977ae-0ef2-4f02-aaf0-abfc82930488', 'SUP0012', '2026-03-28', 571),
('729735c8-a9db-4494-bc2e-b616fb007ab6', '5f970cfb-cb8d-4e34-985b-9f937a51d81d', 'SUP0012', '2026-07-13', 681),
('3369926c-085b-4a0a-b380-af1d14178412', 'd0d87d9c-54be-4437-84b3-2203b58f5d83', 'SUP0012', '2026-02-27', 526),
('aa690c66-b988-43a7-95be-aa15e344d074', '450f22b4-8001-4750-996c-c70f63eddc4b', 'SUP0012', '2026-01-28', 349),
('ff4bee03-3fda-4aeb-bc74-4df3ea33cd67', 'e63bbd35-379c-4e5f-a722-a79a4edf8618', 'SUP0012', '2026-04-25', 972),
('d3652e59-abcb-47a7-b982-94f7b8dada04', '2ba32120-0354-48b9-a902-0ec350ed8087', 'SUP0012', '2026-08-13', 99),
('ee9697ed-c01e-46cf-8002-8fb063a3c672', '8f834de1-6d96-4e0f-9a37-24e2770052e9', 'SUP0012', '2025-10-28', 86),
('ed45c3ba-1f99-4187-bdc4-7d9e80f653fe', '9b6f0e41-117f-4b65-b0c6-6be958606899', 'SUP0012', '2026-04-12', 433),
('2a5e8b64-9c04-46f8-bcc3-3f132c8fa1dc', '9f3d13a1-6f1b-44ee-b833-ac7f1f8b318f', 'SUP0012', '2025-12-16', 747),
('8b054d49-2ab3-4588-a4c7-a03ce1ec2b8c', '7f0d0119-d5ed-4d56-8d28-7f6d9be8f43e', 'SUP0012', '2026-02-25', 471),
('02230794-1644-4a93-8f77-1d19931b2ea3', 'c267918e-5266-489f-bde6-4e5d4c3c9e04', 'SUP0012', '2026-01-27', 120),
('983bc95c-bcda-485b-a5fe-e3bb0a8637dd', 'a7962229-003e-4b30-aba0-8b8f24eab045', 'SUP0012', '2026-07-31', 380),
('d792eef6-fc49-4600-b9e8-f45ea83e70e3', 'bc9f0c46-bb15-431d-939c-7d61223001c3', 'SUP0012', '2026-07-29', 777),
('006fbb96-86a0-4aa0-accd-8340cd7bed3a', 'b5fb5d93-f90f-40e1-9113-2d35d1c1a3a1', 'SUP0090', '2026-05-17', 317),
('a66f8deb-e910-41a6-94b9-29412a255649', 'b46531c9-53c0-4605-a9ec-19a233fe2929', 'SUP0090', '2025-11-29', 550),
('1043d5dd-7032-4995-878e-3e0592d8aaed', 'e6910237-1ab9-45e0-aba2-314f1185a476', 'SUP0090', '2026-03-23', 228),
('318d321e-c02a-4d4b-ae90-5fcdc9c77dfb', '94c9a8c3-8fc9-4627-af84-1cc959de5754', 'SUP0090', '2026-05-26', 503),
('d35215fa-af83-459b-bee3-c67939046a37', '87f24c85-f08b-4cbe-8d49-5daa02925499', 'SUP0090', '2026-03-29', 466),
('18a24751-378f-4220-a7eb-f9d0cb71bff9', 'cb777eb8-2935-45ba-8fdd-b03252506722', 'SUP0090', '2026-02-16', 578),
('a4aa9d6e-0999-4927-85fc-ba4150013131', '99501f7f-7e7f-4598-b6d9-c39e332f2087', 'SUP0090', '2026-01-16', 588),
('777452e7-93cd-4751-ae2b-7cdec12ab4bf', '7f743dd0-47c8-48cd-a660-2666e1519ad2', 'SUP0090', '2026-07-25', 498),
('bcda931b-33ee-472d-8fcb-6f5609c3c33f', 'f8032386-168d-4701-8ed7-b4d2eb88ac97', 'SUP0090', '2026-08-14', 781),
('645a4023-251a-4190-85a7-443723af47f9', '51364daa-d5bd-4418-a31e-41f1b9b0418a', 'SUP0090', '2026-06-12', 426),
('859ce9ca-484b-4dca-baf1-602217d93269', '74d2da22-fa1c-41d7-bc82-bc1ce2520196', 'SUP0090', '2025-12-15', 773),
('f658c1b9-03e1-46b7-9a46-51391288f806', '3e646c02-cd21-48a4-8206-eb6bbfcc6c5f', 'SUP0091', '2025-11-24', 563),
('5d70fd3e-d2e3-4970-a18b-c8e48f5559dc', '608e09fd-ab71-4f88-8d4a-2e66e245111a', 'SUP0091', '2026-07-10', 328),
('457b7c64-5ac5-4339-b179-2b607f091da8', '457fc065-5c75-4752-861a-9148eee38c0e', 'SUP0091', '2026-02-11', 661),
('30de746a-8220-4e8c-86da-660f140c46ae', '14873ce4-3b3c-46de-9047-f715cdf57b68', 'SUP0091', '2026-02-02', 449),
('fd8d7d6d-e3c4-467b-bac1-1d50699f575b', '6b274beb-f689-4195-8fe1-50d8652299c0', 'SUP0091', '2025-12-25', 253),
('d76747e9-9c87-4511-a845-7ac0909e360b', '64075fa8-7e61-4cf2-8a8f-1ce120e2544f', 'SUP0091', '2026-03-04', 515),
('5a930992-5eef-489f-ac76-5e0d251a4f6b', '2cca5181-a54d-423f-9936-3d8b6d4db836', 'SUP0091', '2026-08-01', 716),
('1e9fd488-2e41-41ff-9aea-8b957a1f9f79', '64b4ad87-d377-47aa-bcb8-15747d620165', 'SUP0091', '2026-02-19', 651),
('61bffb57-6a93-4380-9a29-882f33538b2b', 'b48b9f32-5bd8-4e0c-a013-73bf0e11ce34', 'SUP0091', '2026-01-12', 284),
('d6b5b98c-1846-44e1-bbdd-a3c29dc34a65', 'e9741482-1b6e-4838-98a3-c369e15d2ee1', 'SUP0091', '2025-09-17', 661),
('9804e820-0588-48c9-a2a4-278d127295b0', '2168ac46-4011-4b46-b580-829acb21e115', 'SUP0091', '2026-01-20', 841),
('dfbc1665-beeb-45d4-bff8-853803ab8993', '6b9e4810-b555-4443-b492-f05d888eaf5f', 'SUP0091', '2026-05-23', 893),
('1539eb46-ab07-4f1d-aa59-d21aeebdd781', 'b97947ef-6739-45d6-839d-4c8abc5acffc', 'SUP0091', '2026-02-25', 678),
('9a20ebcc-9660-44c2-85ba-90ae500e4dc9', '7ed51d4e-c0b2-4278-b450-02b3cfd88d8c', 'SUP0091', '2026-04-05', 464),
('9fd541c7-70c0-4a15-b64a-0b7b51e85884', 'b1619a1d-e27d-4bf8-b161-0b068f10957f', 'SUP0091', '2025-12-25', 746),
('473bec3b-2cfb-4640-8e1e-ae51e75c753d', '7a4b3296-0ba7-46ba-8ea8-7bf576b4a616', 'SUP0091', '2026-03-12', 54),
('f1e50773-5e2a-46d7-8076-1329635f9e60', 'f12c25ff-6a8d-462d-9b9e-7c59dda61d0e', 'SUP0091', '2026-02-27', 929)
;

INSERT INTO `demo_dataset.product_machines_used` (production_process_id, machine_id, experimental_settings, maintanance_valid) VALUES 
('ec55f2b4-e445-466b-aa79-407598f6eeae', 'MACHINE_001', false, false),
('aab2a7f4-480d-4d36-8641-722b20dac246', 'MACHINE_001', false, false),
('48c5346b-2591-448b-8489-2ad033a2ac71', 'MACHINE_001', false, true),
('9eaadb46-5d9e-440b-a2c4-cd7d07c7560d', 'MACHINE_001', false, false),
('fedd3ba1-0c01-4dbd-90ff-61417a15d408', 'MACHINE_001', false, false),
('a7321446-3d33-4d02-8be0-e95ba79e50b9', 'MACHINE_001', false, false),
('7f58d98e-3b3f-491c-abe6-a07888c43b92', 'MACHINE_001', false, false),
('e78c93b9-6866-4b71-86ae-92052a72e63e', 'MACHINE_001', false, false),
('e02aefd1-3319-4c88-bfd5-ec14874d52b2', 'MACHINE_001', false, false),
('b5257910-81f2-4fd2-b6c0-5714391f1a55', 'MACHINE_001', false, false),
('56610f83-5f5a-4acf-8219-f145f217edfe', 'MACHINE_001', false, false),
('20430d48-5a10-4bcb-8942-3dfa5c463c88', 'MACHINE_001', false, false),
('cf10b965-9b06-4b6d-aa32-a582d41eeac4', 'MACHINE_001', false, false),
('4db4c725-9b29-42c7-9fe1-bf730f531ab9', 'MACHINE_001', false, false),
('241fed58-81f7-4b94-95de-667d8d9ab6d9', 'MACHINE_001', false, false),
('bd703494-810e-4c33-af7a-56c61103d268', 'MACHINE_001', false, false),
('b8a24e55-7427-48ae-a9d0-29872697d53f', 'MACHINE_001', false, false),
('1d998c25-7d59-42ce-8508-0d30edf31378', 'MACHINE_001', false, false),
('dddae703-1637-4015-9652-498a9b2fe73d', 'MACHINE_001', false, false),
('74224328-0570-4c37-9ac6-bb68b4f483ae', 'MACHINE_001', false, false),
('191ff54c-9678-4c75-ab66-ba57b5fef459', 'MACHINE_001', false, false),
('8dee5daf-906f-48c7-95e7-5a34ee030fe3', 'MACHINE_001', false, false),
('f83dab77-7461-466a-b94f-1c6bfb8858b9', 'MACHINE_001', false, false),
('9d02907e-fe19-4623-a68d-3dd6d079fea7', 'MACHINE_001', false, false),
('62ee0f92-3ea6-40d1-8029-f24c0ae405ec', 'MACHINE_001', false, false),
('ce686fa4-edcb-4266-8e24-797009d9b29d', 'MACHINE_001', false, false),
('9a25d0cb-918f-40f6-a3b5-e57e783629c2', 'MACHINE_001', false, false),
('0b40ed69-5776-46d8-bc68-11c803a6263b', 'MACHINE_001', false, true),
('5333c32d-c056-45bc-b8bb-00bb37c024be', 'MACHINE_001', false, false),
('548f708e-b68f-42ef-911f-abc769e0c04a', 'MACHINE_001', false, false),
('2a983c5f-639a-4679-bbac-ace965772999', 'MACHINE_001', false, false),
('3482ef3a-7fab-44b2-b0f8-6f35093fbfe3', 'MACHINE_001', false, false),
('b09b0157-1355-4d2f-bf0d-c4df5a19a32e', 'MACHINE_001', false, false),
('5f4d6448-2cc2-4bf0-ba11-a5ed624b5e69', 'MACHINE_001', false, false),
('85e4fdbf-7de6-4130-b61d-c823d3ec8744', 'MACHINE_001', false, false),
('95a581ec-591c-4cbf-bd99-9375c26fcc4e', 'MACHINE_001', false, false),
('2ae45be1-ff97-40c8-9336-dfe9bdeb8752', 'MACHINE_001', false, false),
('8bf3e7e8-383e-408b-a83a-d7c3208ceb37', 'MACHINE_001', false, false),
('d803d89a-f563-40fc-bc86-3eafd7c1999d', 'MACHINE_001', false, false),
('9c837738-ae7d-4f0d-92f1-b2c49fda7a1c', 'MACHINE_001', false, false),
('a5dcb587-cc65-4fe4-8cac-fed0de1e064f', 'MACHINE_001', false, false),
('12339129-0099-457a-ace7-4b28e84f12b4', 'MACHINE_001', false, false),
('bab92472-343b-43e9-aab8-1e9be6a3944e', 'MACHINE_001', false, false),
('72c9941f-eebd-4f53-9a98-4843b4d65d96', 'MACHINE_001', false, false),
('5171b4ff-4739-4d45-ac60-710e80b2d83a', 'MACHINE_001', false, false),
('6bee9d51-cbd9-4b56-a492-0442de46030b', 'MACHINE_001', false, false),
('774ed3fd-b70a-491c-bb7d-6e53350e36ce', 'MACHINE_001', false, false),
('eb7079e9-b174-45f5-8cd6-c423033e9420', 'MACHINE_001', false, false),
('e74c5ec8-f4cc-4438-a03a-9fa1c45b3b03', 'MACHINE_001', false, false),
('27afb109-62cd-4c83-8f12-82c90b4a470e', 'MACHINE_001', false, false),
('8902bd7e-0267-4efe-bab2-e2515d49f8d6', 'MACHINE_001', false, false),
('fd253476-8989-48ce-9d58-0ed45f86c8b8', 'MACHINE_001', false, false),
('e445d30b-d74f-494c-b190-7a51ca237ab5', 'MACHINE_001', false, false),
('b2717743-829b-4e05-9373-b1403728254e', 'MACHINE_001', false, false),
('ab573d19-dcfa-48ee-b814-0379854c84a4', 'MACHINE_001', false, false),
('3f069075-57f1-4fa8-8a43-f55b128eb61f', 'MACHINE_001', false, false),
('9b97c467-ccee-4806-abbe-118cf3161c5e', 'MACHINE_001', false, false),
('4d63e8d6-22ab-4b62-9b43-a798eb667d42', 'MACHINE_001', false, false),
('f296386b-2e87-47cb-940e-d93db769af37', 'MACHINE_001', false, false),
('6c2aa028-8f62-4729-b873-dccd9dde990c', 'MACHINE_001', false, false),
('a9bfe0ff-0a63-4741-9b44-30afddec81e9', 'MACHINE_001', false, false),
('cd7ae3d4-e5ce-4873-a474-d06f0a548dd2', 'MACHINE_001', false, false),
('0a121e24-3408-42ef-9c25-028c3b004ab3', 'MACHINE_001', false, false),
('3dbcbba0-647b-464d-89ae-a364b6a8895d', 'MACHINE_001', false, false),
('2fb387ef-adbd-4811-bc4c-85f1eac28474', 'MACHINE_001', false, false),
('c6c55390-134a-4fda-8282-136238142a42', 'MACHINE_001', false, false),
('bdc74964-8909-4c46-b6f3-7565ee9c3833', 'MACHINE_002', false, false),
('2a983c5f-639a-4679-bbac-ace965772999', 'MACHINE_002', false, false),
('e74c5ec8-f4cc-4438-a03a-9fa1c45b3b03', 'MACHINE_002', false, false),
('f37b2b39-87f8-4573-bad2-3ed8d95284d1', 'MACHINE_002', false, false),
('191ff54c-9678-4c75-ab66-ba57b5fef459', 'MACHINE_002', false, false),
('7a61f9dc-8a1e-4e9b-91cb-50f824b609c3', 'MACHINE_002', false, false),
('b09b0157-1355-4d2f-bf0d-c4df5a19a32e', 'MACHINE_002', false, false),
('aab2a7f4-480d-4d36-8641-722b20dac246', 'MACHINE_002', false, false),
('ca61320f-a1de-4bda-aead-68b55a607e9f', 'MACHINE_002', false, false),
('b5257910-81f2-4fd2-b6c0-5714391f1a55', 'MACHINE_002', false, false),
('a7321446-3d33-4d02-8be0-e95ba79e50b9', 'MACHINE_002', false, false),
('cfbe58c6-a40b-4fc7-bf57-7dede2d301f6', 'MACHINE_002', false, false),
('83431f4f-470b-4511-a0e7-172fe2b48082', 'MACHINE_002', false, true),
('6facbf3d-63bc-4a7d-ba2d-7709fa4e45c7', 'MACHINE_002', false, false),
('d7f62b3c-1580-48dd-92e5-e5f38a53ef10', 'MACHINE_002', false, false),
('d1928af5-22cd-42b6-8fbf-b437a064c5de', 'MACHINE_002', false, false),
('20430d48-5a10-4bcb-8942-3dfa5c463c88', 'MACHINE_002', false, false),
('231721cd-cb8f-4678-afd4-37a7e65865e3', 'MACHINE_002', false, false),
('5333c32d-c056-45bc-b8bb-00bb37c024be', 'MACHINE_002', false, false),
('4d63e8d6-22ab-4b62-9b43-a798eb667d42', 'MACHINE_002', false, false),
('676c6415-a8a9-49ae-9db3-9ed0cd8f41b9', 'MACHINE_002', false, false),
('c6c55390-134a-4fda-8282-136238142a42', 'MACHINE_002', false, false),
('8859adc3-84d7-4def-b76a-bfb2fe859d63', 'MACHINE_002', false, false),
('cc8994a4-47ce-4d7e-862a-f261710ff36d', 'MACHINE_002', false, false),
('ce6578af-e98d-4a8a-b5b3-a45866839b4e', 'MACHINE_002', false, false),
('0a121e24-3408-42ef-9c25-028c3b004ab3', 'MACHINE_002', false, false),
('e02aefd1-3319-4c88-bfd5-ec14874d52b2', 'MACHINE_002', false, false),
('72c9941f-eebd-4f53-9a98-4843b4d65d96', 'MACHINE_002', false, false),
('4af83264-1496-440a-a890-5ce7e7bae671', 'MACHINE_002', false, false),
('daf49298-9b66-47a3-a5f9-dc1f9479c41e', 'MACHINE_002', false, true),
('b0def8a3-2c1d-413c-bf23-23070fcf6a98', 'MACHINE_002', false, false),
('bab92472-343b-43e9-aab8-1e9be6a3944e', 'MACHINE_002', false, false),
('27afb109-62cd-4c83-8f12-82c90b4a470e', 'MACHINE_002', false, false),
('6bee9d51-cbd9-4b56-a492-0442de46030b', 'MACHINE_002', false, false),
('39f92f94-f297-4eae-a346-0100f57d65bc', 'MACHINE_002', false, false),
('cf4c0099-b51b-4ba6-9603-df7b57448754', 'MACHINE_002', false, false),
('f171af29-7f74-4086-8d97-0fb23dca2f24', 'MACHINE_002', false, false),
('fd253476-8989-48ce-9d58-0ed45f86c8b8', 'MACHINE_002', false, false),
('370fbf72-c759-4a5a-a551-608feed537c6', 'MACHINE_002', false, false),
('0b40ed69-5776-46d8-bc68-11c803a6263b', 'MACHINE_002', false, false),
('2ae45be1-ff97-40c8-9336-dfe9bdeb8752', 'MACHINE_002', false, false),
('95a581ec-591c-4cbf-bd99-9375c26fcc4e', 'MACHINE_002', false, false),
('8dee5daf-906f-48c7-95e7-5a34ee030fe3', 'MACHINE_002', false, false),
('2636e6f6-2af2-43db-8e7e-15c19d1b25f1', 'MACHINE_002', false, true),
('0289c3a6-392a-4889-89f9-226bbe77f5da', 'MACHINE_002', false, false),
('c50d9c8c-da65-47f4-88a3-685ef506e0ec', 'MACHINE_002', false, false),
('56610f83-5f5a-4acf-8219-f145f217edfe', 'MACHINE_002', false, false),
('ef0fc386-91ab-42e5-b6a2-fcde1701ed65', 'MACHINE_002', false, false),
('3dbcbba0-647b-464d-89ae-a364b6a8895d', 'MACHINE_002', false, false),
('fedd3ba1-0c01-4dbd-90ff-61417a15d408', 'MACHINE_002', false, false),
('85e4fdbf-7de6-4130-b61d-c823d3ec8744', 'MACHINE_002', false, false),
('ce456df6-58c3-4669-bb41-220f34d9a77d', 'MACHINE_002', false, false),
('e516f311-a830-4e5c-b7d1-7e08fa4cd9ab', 'MACHINE_002', false, false),
('0a0ff201-8021-4821-a983-c891248cb2a2', 'MACHINE_002', false, false),
('b6adfb3f-9d62-4477-93ff-37654fcf496f', 'MACHINE_002', false, false),
('fc8b8eeb-08eb-4c66-aa2c-162e0db218e1', 'MACHINE_002', false, false),
('f710b8d9-2e19-4974-905f-9c790e1a7d30', 'MACHINE_002', false, false),
('6a31582d-f616-4455-ac9e-52c50cffb2e9', 'MACHINE_002', false, false),
('37882e6d-5969-40e8-800b-0cc4c837f84d', 'MACHINE_002', false, false),
('f83b56cd-e31e-4504-b879-84d7f69a3032', 'MACHINE_002', false, false),
('8bf3e7e8-383e-408b-a83a-d7c3208ceb37', 'MACHINE_002', false, false),
('5f4d6448-2cc2-4bf0-ba11-a5ed624b5e69', 'MACHINE_002', false, false),
('a25f2d54-3359-4a03-8413-47ed0ca8c57d', 'MACHINE_002', false, false),
('774ed3fd-b70a-491c-bb7d-6e53350e36ce', 'MACHINE_002', false, false),
('62ee0f92-3ea6-40d1-8029-f24c0ae405ec', 'MACHINE_002', false, false),
('1b3af0d4-9469-4674-8fd0-6be1db61ff62', 'MACHINE_002', false, false),
('51ef85fa-9349-4983-ae68-6c7d2ab81310', 'MACHINE_002', false, false),
('9a25d0cb-918f-40f6-a3b5-e57e783629c2', 'MACHINE_002', false, false),
('6e73301b-ef48-4bb0-b034-a8f06dd5de89', 'MACHINE_002', false, false),
('7f58d98e-3b3f-491c-abe6-a07888c43b92', 'MACHINE_002', false, false),
('bd2a64d5-1ec8-445b-8e71-b1845d2c8419', 'MACHINE_002', false, false),
('6b54374e-5834-4aed-bc5b-414edec20076', 'MACHINE_003', false, true),
('b0a80bf7-abfa-4036-9441-bc113acac5ae', 'MACHINE_003', false, false),
('bd3523f8-730a-4556-a757-d15197ef6f0f', 'MACHINE_003', false, false),
('151fa274-55cb-4989-bf94-0907d3f31424', 'MACHINE_003', false, false),
('0488fcb5-7f3f-4586-a058-a1055dd54e4e', 'MACHINE_003', false, false),
('bd703494-810e-4c33-af7a-56c61103d268', 'MACHINE_003', false, true),
('5333c32d-c056-45bc-b8bb-00bb37c024be', 'MACHINE_003', false, false),
('2fb387ef-adbd-4811-bc4c-85f1eac28474', 'MACHINE_003', false, false),
('fc8b8eeb-08eb-4c66-aa2c-162e0db218e1', 'MACHINE_003', false, false),
('85e4fdbf-7de6-4130-b61d-c823d3ec8744', 'MACHINE_003', false, false),
('c2efa51e-848e-4b44-abe7-37d71f4c6e92', 'MACHINE_003', false, false),
('7a61f9dc-8a1e-4e9b-91cb-50f824b609c3', 'MACHINE_003', false, false),
('833b5439-d568-473c-961c-b01376551631', 'MACHINE_003', false, false),
('fde12647-67a1-4fd7-aee3-09962d013f8c', 'MACHINE_003', false, false),
('370fbf72-c759-4a5a-a551-608feed537c6', 'MACHINE_003', false, false),
('9c837738-ae7d-4f0d-92f1-b2c49fda7a1c', 'MACHINE_003', false, false),
('0a121e24-3408-42ef-9c25-028c3b004ab3', 'MACHINE_003', false, false),
('abc46c01-7d4f-4edf-9438-956e01a210c2', 'MACHINE_003', false, false),
('7f58d98e-3b3f-491c-abe6-a07888c43b92', 'MACHINE_003', false, false),
('cfbe58c6-a40b-4fc7-bf57-7dede2d301f6', 'MACHINE_003', false, false),
('f83dab77-7461-466a-b94f-1c6bfb8858b9', 'MACHINE_003', false, false),
('d7f62b3c-1580-48dd-92e5-e5f38a53ef10', 'MACHINE_003', false, false),
('8bf3e7e8-383e-408b-a83a-d7c3208ceb37', 'MACHINE_003', false, false),
('48c5346b-2591-448b-8489-2ad033a2ac71', 'MACHINE_003', false, false),
('ec0d084b-f070-4c42-b721-c7dbab7a56b9', 'MACHINE_003', false, false),
('95a581ec-591c-4cbf-bd99-9375c26fcc4e', 'MACHINE_003', false, false),
('46f36604-2680-42bd-a5f5-06a5ddef2a05', 'MACHINE_003', false, false),
('56610f83-5f5a-4acf-8219-f145f217edfe', 'MACHINE_003', false, false),
('8902bd7e-0267-4efe-bab2-e2515d49f8d6', 'MACHINE_003', false, false),
('f710b8d9-2e19-4974-905f-9c790e1a7d30', 'MACHINE_003', false, false),
('ce6578af-e98d-4a8a-b5b3-a45866839b4e', 'MACHINE_003', false, false),
('b09b0157-1355-4d2f-bf0d-c4df5a19a32e', 'MACHINE_003', false, false),
('6bee9d51-cbd9-4b56-a492-0442de46030b', 'MACHINE_003', false, false),
('a5dcb587-cc65-4fe4-8cac-fed0de1e064f', 'MACHINE_003', false, false),
('ce686fa4-edcb-4266-8e24-797009d9b29d', 'MACHINE_003', false, false),
('bd2a64d5-1ec8-445b-8e71-b1845d2c8419', 'MACHINE_003', false, false),
('eb7079e9-b174-45f5-8cd6-c423033e9420', 'MACHINE_003', false, false),
('4d63e8d6-22ab-4b62-9b43-a798eb667d42', 'MACHINE_003', false, false),
('3bd1ca35-89ad-4805-b0b0-0cef4b216c3e', 'MACHINE_003', false, false),
('9eaadb46-5d9e-440b-a2c4-cd7d07c7560d', 'MACHINE_003', false, false),
('71052618-7e19-484e-baef-b6a4cae39d0e', 'MACHINE_003', false, false),
('7f815b81-9e5a-47c2-a208-15104137eed1', 'MACHINE_003', false, false),
('e516f311-a830-4e5c-b7d1-7e08fa4cd9ab', 'MACHINE_003', false, false),
('a8572b01-733e-4072-9b80-1038bc05a1d0', 'MACHINE_003', false, false),
('ef0fc386-91ab-42e5-b6a2-fcde1701ed65', 'MACHINE_003', false, false),
('9a25d0cb-918f-40f6-a3b5-e57e783629c2', 'MACHINE_003', false, false),
('191ff54c-9678-4c75-ab66-ba57b5fef459', 'MACHINE_003', false, false),
('d803d89a-f563-40fc-bc86-3eafd7c1999d', 'MACHINE_003', false, false),
('6ec5e633-1eca-4bb5-ae0d-3e9277ccd371', 'MACHINE_003', false, false),
('cf10b965-9b06-4b6d-aa32-a582d41eeac4', 'MACHINE_003', false, false),
('fefe0e92-4834-42f9-ad1c-589a13c57b66', 'MACHINE_003', false, false),
('d08977d4-7137-433b-8b85-ac80dabdc33f', 'MACHINE_003', false, false),
('ab573d19-dcfa-48ee-b814-0379854c84a4', 'MACHINE_003', false, false),
('dddae703-1637-4015-9652-498a9b2fe73d', 'MACHINE_003', false, false),
('6c2aa028-8f62-4729-b873-dccd9dde990c', 'MACHINE_003', false, false),
('e445d30b-d74f-494c-b190-7a51ca237ab5', 'MACHINE_003', false, false),
('6a31582d-f616-4455-ac9e-52c50cffb2e9', 'MACHINE_003', false, false),
('27afb109-62cd-4c83-8f12-82c90b4a470e', 'MACHINE_003', false, false),
('3f069075-57f1-4fa8-8a43-f55b128eb61f', 'MACHINE_003', false, false),
('16e23bf7-fdb8-4527-ac7f-457459eb941a', 'MACHINE_003', false, false),
('7dd16fd9-8f6a-49db-8b35-17f150649183', 'MACHINE_003', false, false),
('799d8a6e-f053-4efb-a152-be5ffd8669a8', 'MACHINE_003', false, false),
('b5257910-81f2-4fd2-b6c0-5714391f1a55', 'MACHINE_003', false, false),
('b95b972c-e485-4be5-ba16-d759e5195a1b', 'MACHINE_003', false, false),
('62ee0f92-3ea6-40d1-8029-f24c0ae405ec', 'MACHINE_003', false, false),
('4db4c725-9b29-42c7-9fe1-bf730f531ab9', 'MACHINE_003', false, false),
('b09b0157-1355-4d2f-bf0d-c4df5a19a32e', 'MACHINE_004', false, false),
('9b97c467-ccee-4806-abbe-118cf3161c5e', 'MACHINE_004', false, false),
('8dee5daf-906f-48c7-95e7-5a34ee030fe3', 'MACHINE_004', false, false),
('0289c3a6-392a-4889-89f9-226bbe77f5da', 'MACHINE_004', false, false),
('fd253476-8989-48ce-9d58-0ed45f86c8b8', 'MACHINE_004', false, true),
('bd2a64d5-1ec8-445b-8e71-b1845d2c8419', 'MACHINE_004', false, false),
('9e7fdcf3-fea9-4db7-904f-cba79109b4e0', 'MACHINE_004', false, true),
('20430d48-5a10-4bcb-8942-3dfa5c463c88', 'MACHINE_004', false, false),
('bd8c8922-e309-4dd4-bcca-10f072fd6cd5', 'MACHINE_004', false, false),
('daf49298-9b66-47a3-a5f9-dc1f9479c41e', 'MACHINE_004', false, false),
('fedd3ba1-0c01-4dbd-90ff-61417a15d408', 'MACHINE_004', false, false),
('b2717743-829b-4e05-9373-b1403728254e', 'MACHINE_004', false, false),
('2816c95d-3fb4-4fbf-84aa-0560001861dd', 'MACHINE_004', false, false),
('707adda5-103b-4c3c-95b1-889e3f35b34d', 'MACHINE_004', false, false),
('e02aefd1-3319-4c88-bfd5-ec14874d52b2', 'MACHINE_004', false, false),
('2636e6f6-2af2-43db-8e7e-15c19d1b25f1', 'MACHINE_004', false, false),
('9d02907e-fe19-4623-a68d-3dd6d079fea7', 'MACHINE_004', false, false),
('3482ef3a-7fab-44b2-b0f8-6f35093fbfe3', 'MACHINE_004', false, false),
('4af83264-1496-440a-a890-5ce7e7bae671', 'MACHINE_004', false, false),
('cf10b965-9b06-4b6d-aa32-a582d41eeac4', 'MACHINE_004', false, false),
('a8572b01-733e-4072-9b80-1038bc05a1d0', 'MACHINE_004', false, false),
('4364f8d0-7148-4b44-9e56-b8afa0162f18', 'MACHINE_004', false, false),
('179dfc8a-9ec5-4215-abf2-cb3171c0581e', 'MACHINE_004', false, false),
('b0a80bf7-abfa-4036-9441-bc113acac5ae', 'MACHINE_004', false, false),
('cf4c0099-b51b-4ba6-9603-df7b57448754', 'MACHINE_004', false, false),
('9aef2093-7f09-481e-b183-ae8b2d92edbd', 'MACHINE_004', false, false),
('8902bd7e-0267-4efe-bab2-e2515d49f8d6', 'MACHINE_004', false, false),
('56610f83-5f5a-4acf-8219-f145f217edfe', 'MACHINE_004', false, false),
('b6adfb3f-9d62-4477-93ff-37654fcf496f', 'MACHINE_004', false, false),
('3bd1ca35-89ad-4805-b0b0-0cef4b216c3e', 'MACHINE_004', false, false),
('65fa5c44-d6ec-45c6-885e-2c0e82b8c94f', 'MACHINE_004', false, false),
('a7321446-3d33-4d02-8be0-e95ba79e50b9', 'MACHINE_004', false, false),
('39f92f94-f297-4eae-a346-0100f57d65bc', 'MACHINE_004', false, false),
('d1928af5-22cd-42b6-8fbf-b437a064c5de', 'MACHINE_004', false, false),
('e74c5ec8-f4cc-4438-a03a-9fa1c45b3b03', 'MACHINE_004', false, false),
('fe1373e1-d144-42d5-9e6a-07edbaad6cb0', 'MACHINE_004', false, false),
('9c837738-ae7d-4f0d-92f1-b2c49fda7a1c', 'MACHINE_004', false, false),
('83431f4f-470b-4511-a0e7-172fe2b48082', 'MACHINE_004', false, false),
('d7f62b3c-1580-48dd-92e5-e5f38a53ef10', 'MACHINE_004', false, false),
('ce456df6-58c3-4669-bb41-220f34d9a77d', 'MACHINE_004', false, false),
('6b54374e-5834-4aed-bc5b-414edec20076', 'MACHINE_004', false, false),
('cd7ae3d4-e5ce-4873-a474-d06f0a548dd2', 'MACHINE_004', false, false),
('ec55f2b4-e445-466b-aa79-407598f6eeae', 'MACHINE_004', false, false),
('ab573d19-dcfa-48ee-b814-0379854c84a4', 'MACHINE_004', false, false),
('ce686fa4-edcb-4266-8e24-797009d9b29d', 'MACHINE_004', false, false),
('ca61320f-a1de-4bda-aead-68b55a607e9f', 'MACHINE_004', false, false),
('c6c55390-134a-4fda-8282-136238142a42', 'MACHINE_004', false, false),
('0b40ed69-5776-46d8-bc68-11c803a6263b', 'MACHINE_004', false, false),
('8bf3e7e8-383e-408b-a83a-d7c3208ceb37', 'MACHINE_004', false, false),
('b95b972c-e485-4be5-ba16-d759e5195a1b', 'MACHINE_004', false, false),
('bdc74964-8909-4c46-b6f3-7565ee9c3833', 'MACHINE_004', false, false),
('1d998c25-7d59-42ce-8508-0d30edf31378', 'MACHINE_004', false, false),
('d1fbf866-0308-40a9-a284-314c14fa961b', 'MACHINE_004', false, false),
('3f069075-57f1-4fa8-8a43-f55b128eb61f', 'MACHINE_004', false, false),
('0488fcb5-7f3f-4586-a058-a1055dd54e4e', 'MACHINE_004', false, false),
('df90dc09-1f64-482d-bdd5-39881a978c6b', 'MACHINE_004', false, false),
('eb7079e9-b174-45f5-8cd6-c423033e9420', 'MACHINE_004', false, false),
('95a581ec-591c-4cbf-bd99-9375c26fcc4e', 'MACHINE_004', false, false),
('bab92472-343b-43e9-aab8-1e9be6a3944e', 'MACHINE_004', false, false),
('ce6578af-e98d-4a8a-b5b3-a45866839b4e', 'MACHINE_004', false, false),
('231721cd-cb8f-4678-afd4-37a7e65865e3', 'MACHINE_004', false, false),
('4db4c725-9b29-42c7-9fe1-bf730f531ab9', 'MACHINE_004', false, true),
('35e5bb1f-a20a-4db7-8f4c-851951d2a24b', 'MACHINE_004', false, false),
('d803d89a-f563-40fc-bc86-3eafd7c1999d', 'MACHINE_004', false, false),
('d08977d4-7137-433b-8b85-ac80dabdc33f', 'MACHINE_004', false, true),
('0a0ff201-8021-4821-a983-c891248cb2a2', 'MACHINE_004', false, false),
('fefe0e92-4834-42f9-ad1c-589a13c57b66', 'MACHINE_004', false, false),
('72c9941f-eebd-4f53-9a98-4843b4d65d96', 'MACHINE_004', false, false),
('9eaadb46-5d9e-440b-a2c4-cd7d07c7560d', 'MACHINE_004', false, false),
('c2efa51e-848e-4b44-abe7-37d71f4c6e92', 'MACHINE_004', false, false),
('aab2a7f4-480d-4d36-8641-722b20dac246', 'MACHINE_005', false, false),
('65fa5c44-d6ec-45c6-885e-2c0e82b8c94f', 'MACHINE_005', false, false),
('774ed3fd-b70a-491c-bb7d-6e53350e36ce', 'MACHINE_005', false, false),
('24046899-0df6-46a1-ad14-07ae9bc671c5', 'MACHINE_005', false, false),
('b0a80bf7-abfa-4036-9441-bc113acac5ae', 'MACHINE_005', false, false),
('12339129-0099-457a-ace7-4b28e84f12b4', 'MACHINE_005', false, false),
('b09b0157-1355-4d2f-bf0d-c4df5a19a32e', 'MACHINE_005', false, false),
('daaf4df0-a7db-4e6f-b8b4-ce10e50e89a5', 'MACHINE_005', false, false),
('2636e6f6-2af2-43db-8e7e-15c19d1b25f1', 'MACHINE_005', false, false),
('151fa274-55cb-4989-bf94-0907d3f31424', 'MACHINE_005', false, false),
('3dbcbba0-647b-464d-89ae-a364b6a8895d', 'MACHINE_005', false, true),
('2a983c5f-639a-4679-bbac-ace965772999', 'MACHINE_005', false, false),
('ca7a923b-0777-4759-97c0-8b38d39276dd', 'MACHINE_005', false, false),
('f83dab77-7461-466a-b94f-1c6bfb8858b9', 'MACHINE_005', false, false),
('4364f8d0-7148-4b44-9e56-b8afa0162f18', 'MACHINE_005', false, false),
('179dfc8a-9ec5-4215-abf2-cb3171c0581e', 'MACHINE_005', false, false),
('3bd1ca35-89ad-4805-b0b0-0cef4b216c3e', 'MACHINE_005', false, false),
('6a31582d-f616-4455-ac9e-52c50cffb2e9', 'MACHINE_005', false, false),
('b6adfb3f-9d62-4477-93ff-37654fcf496f', 'MACHINE_005', false, false),
('969b7af6-13f5-470f-b110-1e6822f9b364', 'MACHINE_005', false, false),
('7f815b81-9e5a-47c2-a208-15104137eed1', 'MACHINE_005', false, false),
('51ef85fa-9349-4983-ae68-6c7d2ab81310', 'MACHINE_005', false, false),
('ef0fc386-91ab-42e5-b6a2-fcde1701ed65', 'MACHINE_005', false, false),
('707adda5-103b-4c3c-95b1-889e3f35b34d', 'MACHINE_005', false, false),
('16e23bf7-fdb8-4527-ac7f-457459eb941a', 'MACHINE_005', false, false),
('241fed58-81f7-4b94-95de-667d8d9ab6d9', 'MACHINE_005', false, false),
('83431f4f-470b-4511-a0e7-172fe2b48082', 'MACHINE_005', false, false),
('0b40ed69-5776-46d8-bc68-11c803a6263b', 'MACHINE_005', false, false),
('ce6578af-e98d-4a8a-b5b3-a45866839b4e', 'MACHINE_005', false, false),
('3482ef3a-7fab-44b2-b0f8-6f35093fbfe3', 'MACHINE_005', false, false),
('d1fbf866-0308-40a9-a284-314c14fa961b', 'MACHINE_005', false, false),
('b5257910-81f2-4fd2-b6c0-5714391f1a55', 'MACHINE_005', false, false),
('ca61320f-a1de-4bda-aead-68b55a607e9f', 'MACHINE_005', false, false),
('e516f311-a830-4e5c-b7d1-7e08fa4cd9ab', 'MACHINE_005', false, false),
('dddae703-1637-4015-9652-498a9b2fe73d', 'MACHINE_005', false, false),
('48c5346b-2591-448b-8489-2ad033a2ac71', 'MACHINE_005', false, false),
('2ae45be1-ff97-40c8-9336-dfe9bdeb8752', 'MACHINE_005', false, false),
('fe1373e1-d144-42d5-9e6a-07edbaad6cb0', 'MACHINE_005', false, false),
('ce686fa4-edcb-4266-8e24-797009d9b29d', 'MACHINE_005', false, false),
('676c6415-a8a9-49ae-9db3-9ed0cd8f41b9', 'MACHINE_005', false, false),
('9d02907e-fe19-4623-a68d-3dd6d079fea7', 'MACHINE_005', false, false),
('c2efa51e-848e-4b44-abe7-37d71f4c6e92', 'MACHINE_005', false, false),
('1b3af0d4-9469-4674-8fd0-6be1db61ff62', 'MACHINE_005', false, false),
('f171af29-7f74-4086-8d97-0fb23dca2f24', 'MACHINE_005', false, false),
('31a4836a-2b8b-46fc-9ed0-8e888f5753eb', 'MACHINE_005', false, false),
('548f708e-b68f-42ef-911f-abc769e0c04a', 'MACHINE_005', false, false),
('ec55f2b4-e445-466b-aa79-407598f6eeae', 'MACHINE_005', false, false),
('cfbe58c6-a40b-4fc7-bf57-7dede2d301f6', 'MACHINE_005', false, false),
('8dee5daf-906f-48c7-95e7-5a34ee030fe3', 'MACHINE_005', false, false),
('f296386b-2e87-47cb-940e-d93db769af37', 'MACHINE_005', false, false),
('9e7fdcf3-fea9-4db7-904f-cba79109b4e0', 'MACHINE_005', false, false),
('6ec5e633-1eca-4bb5-ae0d-3e9277ccd371', 'MACHINE_005', false, false),
('799d8a6e-f053-4efb-a152-be5ffd8669a8', 'MACHINE_005', false, false),
('bd8c8922-e309-4dd4-bcca-10f072fd6cd5', 'MACHINE_005', false, false),
('35e5bb1f-a20a-4db7-8f4c-851951d2a24b', 'MACHINE_005', false, false),
('daf49298-9b66-47a3-a5f9-dc1f9479c41e', 'MACHINE_005', false, false),
('4af83264-1496-440a-a890-5ce7e7bae671', 'MACHINE_005', false, false),
('a9bfe0ff-0a63-4741-9b44-30afddec81e9', 'MACHINE_005', false, false),
('e445d30b-d74f-494c-b190-7a51ca237ab5', 'MACHINE_005', false, false),
('bd703494-810e-4c33-af7a-56c61103d268', 'MACHINE_005', false, false),
('9aef2093-7f09-481e-b183-ae8b2d92edbd', 'MACHINE_005', false, false),
('bab92472-343b-43e9-aab8-1e9be6a3944e', 'MACHINE_006', false, false),
('9a25d0cb-918f-40f6-a3b5-e57e783629c2', 'MACHINE_006', false, false),
('37882e6d-5969-40e8-800b-0cc4c837f84d', 'MACHINE_006', false, false),
('cf10b965-9b06-4b6d-aa32-a582d41eeac4', 'MACHINE_006', false, false),
('3dbcbba0-647b-464d-89ae-a364b6a8895d', 'MACHINE_006', false, false),
('ce456df6-58c3-4669-bb41-220f34d9a77d', 'MACHINE_006', false, false),
('abc46c01-7d4f-4edf-9438-956e01a210c2', 'MACHINE_006', false, false),
('d7f62b3c-1580-48dd-92e5-e5f38a53ef10', 'MACHINE_006', false, false),
('cd7ae3d4-e5ce-4873-a474-d06f0a548dd2', 'MACHINE_006', false, false),
('74224328-0570-4c37-9ac6-bb68b4f483ae', 'MACHINE_006', false, false),
('9c837738-ae7d-4f0d-92f1-b2c49fda7a1c', 'MACHINE_006', false, false),
('cc8994a4-47ce-4d7e-862a-f261710ff36d', 'MACHINE_006', false, false),
('0b40ed69-5776-46d8-bc68-11c803a6263b', 'MACHINE_006', false, false),
('1ae2dd99-aa52-4e38-8d4d-55eb9d6a0039', 'MACHINE_006', false, true),
('9b97c467-ccee-4806-abbe-118cf3161c5e', 'MACHINE_006', false, false),
('24046899-0df6-46a1-ad14-07ae9bc671c5', 'MACHINE_006', false, false),
('f296386b-2e87-47cb-940e-d93db769af37', 'MACHINE_006', false, false),
('e445d30b-d74f-494c-b190-7a51ca237ab5', 'MACHINE_006', false, false),
('fde12647-67a1-4fd7-aee3-09962d013f8c', 'MACHINE_006', false, false),
('cfbe58c6-a40b-4fc7-bf57-7dede2d301f6', 'MACHINE_006', false, false),
('ec55f2b4-e445-466b-aa79-407598f6eeae', 'MACHINE_006', false, false),
('4364f8d0-7148-4b44-9e56-b8afa0162f18', 'MACHINE_006', false, false),
('fedd3ba1-0c01-4dbd-90ff-61417a15d408', 'MACHINE_006', false, false),
('8859adc3-84d7-4def-b76a-bfb2fe859d63', 'MACHINE_006', false, false),
('bdc74964-8909-4c46-b6f3-7565ee9c3833', 'MACHINE_006', false, false),
('6facbf3d-63bc-4a7d-ba2d-7709fa4e45c7', 'MACHINE_006', false, false),
('370fbf72-c759-4a5a-a551-608feed537c6', 'MACHINE_006', false, false),
('6e73301b-ef48-4bb0-b034-a8f06dd5de89', 'MACHINE_006', false, false),
('9aef2093-7f09-481e-b183-ae8b2d92edbd', 'MACHINE_006', false, false),
('1e2cf00e-5cb5-4fb6-9e2b-e4576d54effd', 'MACHINE_006', false, false),
('bd3523f8-730a-4556-a757-d15197ef6f0f', 'MACHINE_006', false, false),
('e78c93b9-6866-4b71-86ae-92052a72e63e', 'MACHINE_006', false, false),
('3482ef3a-7fab-44b2-b0f8-6f35093fbfe3', 'MACHINE_006', false, false),
('b95b972c-e485-4be5-ba16-d759e5195a1b', 'MACHINE_006', false, false),
('6b54374e-5834-4aed-bc5b-414edec20076', 'MACHINE_006', false, false),
('b8a24e55-7427-48ae-a9d0-29872697d53f', 'MACHINE_006', false, false),
('a7321446-3d33-4d02-8be0-e95ba79e50b9', 'MACHINE_006', false, false),
('799d8a6e-f053-4efb-a152-be5ffd8669a8', 'MACHINE_006', false, false),
('4db4c725-9b29-42c7-9fe1-bf730f531ab9', 'MACHINE_006', false, false),
('6bee9d51-cbd9-4b56-a492-0442de46030b', 'MACHINE_006', false, false),
('0a121e24-3408-42ef-9c25-028c3b004ab3', 'MACHINE_006', false, false),
('fc8b8eeb-08eb-4c66-aa2c-162e0db218e1', 'MACHINE_006', false, false),
('b0def8a3-2c1d-413c-bf23-23070fcf6a98', 'MACHINE_006', false, false),
('833b5439-d568-473c-961c-b01376551631', 'MACHINE_006', false, false),
('539a30a6-edb1-425f-8830-195d9a27a3a0', 'MACHINE_006', false, false),
('6c2aa028-8f62-4729-b873-dccd9dde990c', 'MACHINE_006', false, false),
('5171b4ff-4739-4d45-ac60-710e80b2d83a', 'MACHINE_006', false, false),
('0289c3a6-392a-4889-89f9-226bbe77f5da', 'MACHINE_006', false, false),
('ce686fa4-edcb-4266-8e24-797009d9b29d', 'MACHINE_006', false, false),
('ca7a923b-0777-4759-97c0-8b38d39276dd', 'MACHINE_006', false, false),
('231721cd-cb8f-4678-afd4-37a7e65865e3', 'MACHINE_006', false, false),
('fd253476-8989-48ce-9d58-0ed45f86c8b8', 'MACHINE_006', false, false),
('0488fcb5-7f3f-4586-a058-a1055dd54e4e', 'MACHINE_006', false, false),
('2a983c5f-639a-4679-bbac-ace965772999', 'MACHINE_006', false, false),
('8dee5daf-906f-48c7-95e7-5a34ee030fe3', 'MACHINE_006', false, false),
('2ae45be1-ff97-40c8-9336-dfe9bdeb8752', 'MACHINE_006', false, false),
('7dd16fd9-8f6a-49db-8b35-17f150649183', 'MACHINE_006', false, false),
('1b3af0d4-9469-4674-8fd0-6be1db61ff62', 'MACHINE_006', false, false),
('9e7fdcf3-fea9-4db7-904f-cba79109b4e0', 'MACHINE_006', false, false),
('241fed58-81f7-4b94-95de-667d8d9ab6d9', 'MACHINE_006', false, false),
('5f4d6448-2cc2-4bf0-ba11-a5ed624b5e69', 'MACHINE_006', false, false),
('c50d9c8c-da65-47f4-88a3-685ef506e0ec', 'MACHINE_006', false, true),
('2816c95d-3fb4-4fbf-84aa-0560001861dd', 'MACHINE_006', false, false),
('ef0fc386-91ab-42e5-b6a2-fcde1701ed65', 'MACHINE_006', false, false),
('aab2a7f4-480d-4d36-8641-722b20dac246', 'MACHINE_006', false, false),
('f83b56cd-e31e-4504-b879-84d7f69a3032', 'MACHINE_006', false, false),
('969b7af6-13f5-470f-b110-1e6822f9b364', 'MACHINE_006', false, false),
('151fa274-55cb-4989-bf94-0907d3f31424', 'MACHINE_006', false, false),
('ec0d084b-f070-4c42-b721-c7dbab7a56b9', 'MACHINE_006', false, false),
('1d998c25-7d59-42ce-8508-0d30edf31378', 'MACHINE_006', false, false),
('f710b8d9-2e19-4974-905f-9c790e1a7d30', 'MACHINE_006', false, false),
('f171af29-7f74-4086-8d97-0fb23dca2f24', 'MACHINE_006', false, false),
('b6adfb3f-9d62-4477-93ff-37654fcf496f', 'MACHINE_006', false, false),
('191ff54c-9678-4c75-ab66-ba57b5fef459', 'MACHINE_006', false, false),
('151fa274-55cb-4989-bf94-0907d3f31424', 'MACHINE_007', false, false),
('b8748baf-a221-4d80-b4ba-b731375e36a5', 'MACHINE_007', false, false),
('3dbcbba0-647b-464d-89ae-a364b6a8895d', 'MACHINE_007', false, false),
('51ef85fa-9349-4983-ae68-6c7d2ab81310', 'MACHINE_007', false, false),
('6a31582d-f616-4455-ac9e-52c50cffb2e9', 'MACHINE_007', false, false),
('39f92f94-f297-4eae-a346-0100f57d65bc', 'MACHINE_007', false, false),
('6b54374e-5834-4aed-bc5b-414edec20076', 'MACHINE_007', false, false),
('cc8994a4-47ce-4d7e-862a-f261710ff36d', 'MACHINE_007', false, false),
('bd3523f8-730a-4556-a757-d15197ef6f0f', 'MACHINE_007', false, false),
('95a581ec-591c-4cbf-bd99-9375c26fcc4e', 'MACHINE_007', false, false),
('8902bd7e-0267-4efe-bab2-e2515d49f8d6', 'MACHINE_007', false, false),
('f83b56cd-e31e-4504-b879-84d7f69a3032', 'MACHINE_007', false, false),
('b8a24e55-7427-48ae-a9d0-29872697d53f', 'MACHINE_007', false, false),
('a5dcb587-cc65-4fe4-8cac-fed0de1e064f', 'MACHINE_007', false, false),
('ca7a923b-0777-4759-97c0-8b38d39276dd', 'MACHINE_007', false, false),
('1e2cf00e-5cb5-4fb6-9e2b-e4576d54effd', 'MACHINE_007', false, false),
('df90dc09-1f64-482d-bdd5-39881a978c6b', 'MACHINE_007', false, false),
('fe1373e1-d144-42d5-9e6a-07edbaad6cb0', 'MACHINE_007', false, false),
('f37b2b39-87f8-4573-bad2-3ed8d95284d1', 'MACHINE_007', false, false),
('a8572b01-733e-4072-9b80-1038bc05a1d0', 'MACHINE_007', false, false),
('46f36604-2680-42bd-a5f5-06a5ddef2a05', 'MACHINE_007', false, false),
('2a983c5f-639a-4679-bbac-ace965772999', 'MACHINE_007', false, false),
('495a78d1-15d9-4c95-a6b1-1eef71382046', 'MACHINE_007', false, false),
('9eaadb46-5d9e-440b-a2c4-cd7d07c7560d', 'MACHINE_007', false, false),
('539a30a6-edb1-425f-8830-195d9a27a3a0', 'MACHINE_007', false, false),
('a7321446-3d33-4d02-8be0-e95ba79e50b9', 'MACHINE_007', false, false),
('0289c3a6-392a-4889-89f9-226bbe77f5da', 'MACHINE_007', false, false),
('ec55f2b4-e445-466b-aa79-407598f6eeae', 'MACHINE_007', false, false),
('676c6415-a8a9-49ae-9db3-9ed0cd8f41b9', 'MACHINE_007', false, false),
('833b5439-d568-473c-961c-b01376551631', 'MACHINE_007', false, false),
('71052618-7e19-484e-baef-b6a4cae39d0e', 'MACHINE_007', false, false),
('2636e6f6-2af2-43db-8e7e-15c19d1b25f1', 'MACHINE_007', false, false),
('65fa5c44-d6ec-45c6-885e-2c0e82b8c94f', 'MACHINE_007', false, false),
('f83dab77-7461-466a-b94f-1c6bfb8858b9', 'MACHINE_007', false, false),
('231721cd-cb8f-4678-afd4-37a7e65865e3', 'MACHINE_007', false, false),
('d1fbf866-0308-40a9-a284-314c14fa961b', 'MACHINE_007', false, false),
('37882e6d-5969-40e8-800b-0cc4c837f84d', 'MACHINE_007', false, false),
('548f708e-b68f-42ef-911f-abc769e0c04a', 'MACHINE_007', false, false),
('daf49298-9b66-47a3-a5f9-dc1f9479c41e', 'MACHINE_007', false, false),
('bd703494-810e-4c33-af7a-56c61103d268', 'MACHINE_007', false, false),
('c50d9c8c-da65-47f4-88a3-685ef506e0ec', 'MACHINE_007', false, false),
('0488fcb5-7f3f-4586-a058-a1055dd54e4e', 'MACHINE_007', false, false),
('4af83264-1496-440a-a890-5ce7e7bae671', 'MACHINE_007', false, false),
('62ee0f92-3ea6-40d1-8029-f24c0ae405ec', 'MACHINE_007', false, false),
('ab573d19-dcfa-48ee-b814-0379854c84a4', 'MACHINE_007', false, false),
('e74c5ec8-f4cc-4438-a03a-9fa1c45b3b03', 'MACHINE_007', false, false),
('4d63e8d6-22ab-4b62-9b43-a798eb667d42', 'MACHINE_007', false, false),
('370fbf72-c759-4a5a-a551-608feed537c6', 'MACHINE_007', false, false),
('6bee9d51-cbd9-4b56-a492-0442de46030b', 'MACHINE_007', false, false),
('2ae45be1-ff97-40c8-9336-dfe9bdeb8752', 'MACHINE_007', false, false),
('707adda5-103b-4c3c-95b1-889e3f35b34d', 'MACHINE_007', false, false),
('2816c95d-3fb4-4fbf-84aa-0560001861dd', 'MACHINE_007', false, false),
('b2717743-829b-4e05-9373-b1403728254e', 'MACHINE_007', false, false),
('179dfc8a-9ec5-4215-abf2-cb3171c0581e', 'MACHINE_007', false, false),
('74224328-0570-4c37-9ac6-bb68b4f483ae', 'MACHINE_007', false, false),
('abc46c01-7d4f-4edf-9438-956e01a210c2', 'MACHINE_007', false, false),
('3bd1ca35-89ad-4805-b0b0-0cef4b216c3e', 'MACHINE_007', false, false),
('b0a80bf7-abfa-4036-9441-bc113acac5ae', 'MACHINE_007', false, false),
('241fed58-81f7-4b94-95de-667d8d9ab6d9', 'MACHINE_007', false, false),
('1b3af0d4-9469-4674-8fd0-6be1db61ff62', 'MACHINE_007', false, false),
('969b7af6-13f5-470f-b110-1e6822f9b364', 'MACHINE_007', false, false),
('ce456df6-58c3-4669-bb41-220f34d9a77d', 'MACHINE_007', false, false),
('fefe0e92-4834-42f9-ad1c-589a13c57b66', 'MACHINE_007', false, false),
('7ac33828-9974-40fc-bd54-1f3c3804324d', 'MACHINE_007', false, false),
('cf4c0099-b51b-4ba6-9603-df7b57448754', 'MACHINE_007', false, false),
('0a0ff201-8021-4821-a983-c891248cb2a2', 'MACHINE_007', false, false),
('1d998c25-7d59-42ce-8508-0d30edf31378', 'MACHINE_007', false, false),
('72c9941f-eebd-4f53-9a98-4843b4d65d96', 'MACHINE_007', false, false),
('fde12647-67a1-4fd7-aee3-09962d013f8c', 'MACHINE_007', false, false),
('eb7079e9-b174-45f5-8cd6-c423033e9420', 'MACHINE_007', false, false),
('d1928af5-22cd-42b6-8fbf-b437a064c5de', 'MACHINE_007', false, false),
('9d02907e-fe19-4623-a68d-3dd6d079fea7', 'MACHINE_007', false, false),
('16e23bf7-fdb8-4527-ac7f-457459eb941a', 'MACHINE_007', false, false),
('56610f83-5f5a-4acf-8219-f145f217edfe', 'MACHINE_007', false, false),
('f171af29-7f74-4086-8d97-0fb23dca2f24', 'MACHINE_007', false, false),
('a9bfe0ff-0a63-4741-9b44-30afddec81e9', 'MACHINE_007', false, false),
('6ec5e633-1eca-4bb5-ae0d-3e9277ccd371', 'MACHINE_008', false, false),
('707adda5-103b-4c3c-95b1-889e3f35b34d', 'MACHINE_008', false, false),
('ca61320f-a1de-4bda-aead-68b55a607e9f', 'MACHINE_008', false, false),
('7dd16fd9-8f6a-49db-8b35-17f150649183', 'MACHINE_008', false, false),
('0a121e24-3408-42ef-9c25-028c3b004ab3', 'MACHINE_008', false, false),
('ec0d084b-f070-4c42-b721-c7dbab7a56b9', 'MACHINE_008', false, false),
('f37b2b39-87f8-4573-bad2-3ed8d95284d1', 'MACHINE_008', false, false),
('5f4d6448-2cc2-4bf0-ba11-a5ed624b5e69', 'MACHINE_008', false, false),
('6e73301b-ef48-4bb0-b034-a8f06dd5de89', 'MACHINE_008', false, false),
('b8748baf-a221-4d80-b4ba-b731375e36a5', 'MACHINE_008', false, false),
('74224328-0570-4c37-9ac6-bb68b4f483ae', 'MACHINE_008', false, false),
('a8572b01-733e-4072-9b80-1038bc05a1d0', 'MACHINE_008', false, false),
('1d998c25-7d59-42ce-8508-0d30edf31378', 'MACHINE_008', false, false),
('8859adc3-84d7-4def-b76a-bfb2fe859d63', 'MACHINE_008', false, false),
('b8a24e55-7427-48ae-a9d0-29872697d53f', 'MACHINE_008', false, false),
('4364f8d0-7148-4b44-9e56-b8afa0162f18', 'MACHINE_008', false, false),
('a25f2d54-3359-4a03-8413-47ed0ca8c57d', 'MACHINE_008', false, false),
('d1fbf866-0308-40a9-a284-314c14fa961b', 'MACHINE_008', false, false),
('2816c95d-3fb4-4fbf-84aa-0560001861dd', 'MACHINE_008', false, false),
('abc46c01-7d4f-4edf-9438-956e01a210c2', 'MACHINE_008', false, false),
('2636e6f6-2af2-43db-8e7e-15c19d1b25f1', 'MACHINE_008', false, false),
('e78c93b9-6866-4b71-86ae-92052a72e63e', 'MACHINE_008', false, false),
('d08977d4-7137-433b-8b85-ac80dabdc33f', 'MACHINE_008', false, false),
('e74c5ec8-f4cc-4438-a03a-9fa1c45b3b03', 'MACHINE_008', false, false),
('e516f311-a830-4e5c-b7d1-7e08fa4cd9ab', 'MACHINE_008', false, false),
('df90dc09-1f64-482d-bdd5-39881a978c6b', 'MACHINE_008', false, false),
('ce6578af-e98d-4a8a-b5b3-a45866839b4e', 'MACHINE_008', false, false),
('b5257910-81f2-4fd2-b6c0-5714391f1a55', 'MACHINE_008', false, false),
('9d02907e-fe19-4623-a68d-3dd6d079fea7', 'MACHINE_008', false, false),
('ca7a923b-0777-4759-97c0-8b38d39276dd', 'MACHINE_008', false, false),
('85e4fdbf-7de6-4130-b61d-c823d3ec8744', 'MACHINE_008', false, false),
('0289c3a6-392a-4889-89f9-226bbe77f5da', 'MACHINE_008', false, false),
('37882e6d-5969-40e8-800b-0cc4c837f84d', 'MACHINE_008', false, false),
('d1928af5-22cd-42b6-8fbf-b437a064c5de', 'MACHINE_008', false, false),
('f83b56cd-e31e-4504-b879-84d7f69a3032', 'MACHINE_008', false, false),
('3bd1ca35-89ad-4805-b0b0-0cef4b216c3e', 'MACHINE_008', false, false),
('daaf4df0-a7db-4e6f-b8b4-ce10e50e89a5', 'MACHINE_008', false, false),
('d803d89a-f563-40fc-bc86-3eafd7c1999d', 'MACHINE_008', false, false),
('4db4c725-9b29-42c7-9fe1-bf730f531ab9', 'MACHINE_008', false, false),
('774ed3fd-b70a-491c-bb7d-6e53350e36ce', 'MACHINE_008', false, false),
('1e2cf00e-5cb5-4fb6-9e2b-e4576d54effd', 'MACHINE_008', false, false),
('7f815b81-9e5a-47c2-a208-15104137eed1', 'MACHINE_008', false, false),
('fe1373e1-d144-42d5-9e6a-07edbaad6cb0', 'MACHINE_008', false, false),
('5171b4ff-4739-4d45-ac60-710e80b2d83a', 'MACHINE_008', false, false),
('2fb387ef-adbd-4811-bc4c-85f1eac28474', 'MACHINE_008', false, false),
('3f069075-57f1-4fa8-8a43-f55b128eb61f', 'MACHINE_008', false, false),
('fd253476-8989-48ce-9d58-0ed45f86c8b8', 'MACHINE_008', false, false),
('aab2a7f4-480d-4d36-8641-722b20dac246', 'MACHINE_008', false, false),
('fedd3ba1-0c01-4dbd-90ff-61417a15d408', 'MACHINE_008', false, false),
('7a61f9dc-8a1e-4e9b-91cb-50f824b609c3', 'MACHINE_008', false, false),
('39f92f94-f297-4eae-a346-0100f57d65bc', 'MACHINE_008', false, false),
('c50d9c8c-da65-47f4-88a3-685ef506e0ec', 'MACHINE_008', false, false),
('daf49298-9b66-47a3-a5f9-dc1f9479c41e', 'MACHINE_008', false, false),
('bd3523f8-730a-4556-a757-d15197ef6f0f', 'MACHINE_008', false, false),
('cc8994a4-47ce-4d7e-862a-f261710ff36d', 'MACHINE_008', false, false),
('6c2aa028-8f62-4729-b873-dccd9dde990c', 'MACHINE_008', false, false),
('51ef85fa-9349-4983-ae68-6c7d2ab81310', 'MACHINE_008', false, false),
('4af83264-1496-440a-a890-5ce7e7bae671', 'MACHINE_008', false, false),
('a9bfe0ff-0a63-4741-9b44-30afddec81e9', 'MACHINE_008', false, false),
('24046899-0df6-46a1-ad14-07ae9bc671c5', 'MACHINE_008', false, false),
('9c837738-ae7d-4f0d-92f1-b2c49fda7a1c', 'MACHINE_008', false, false),
('27afb109-62cd-4c83-8f12-82c90b4a470e', 'MACHINE_008', false, false),
('4d63e8d6-22ab-4b62-9b43-a798eb667d42', 'MACHINE_008', false, false),
('b95b972c-e485-4be5-ba16-d759e5195a1b', 'MACHINE_008', false, false),
('548f708e-b68f-42ef-911f-abc769e0c04a', 'MACHINE_008', false, false),
('7ac33828-9974-40fc-bd54-1f3c3804324d', 'MACHINE_008', false, false),
('bdc74964-8909-4c46-b6f3-7565ee9c3833', 'MACHINE_008', false, false),
('0488fcb5-7f3f-4586-a058-a1055dd54e4e', 'MACHINE_008', false, false),
('f296386b-2e87-47cb-940e-d93db769af37', 'MACHINE_008', false, true),
('7f58d98e-3b3f-491c-abe6-a07888c43b92', 'MACHINE_008', false, false),
('48c5346b-2591-448b-8489-2ad033a2ac71', 'MACHINE_008', false, false),
('bd8c8922-e309-4dd4-bcca-10f072fd6cd5', 'MACHINE_008', false, false),
('fefe0e92-4834-42f9-ad1c-589a13c57b66', 'MACHINE_008', false, false),
('b0def8a3-2c1d-413c-bf23-23070fcf6a98', 'MACHINE_008', false, false),
('46f36604-2680-42bd-a5f5-06a5ddef2a05', 'MACHINE_009', false, false),
('cf4c0099-b51b-4ba6-9603-df7b57448754', 'MACHINE_009', false, false),
('daf49298-9b66-47a3-a5f9-dc1f9479c41e', 'MACHINE_009', false, false),
('dddae703-1637-4015-9652-498a9b2fe73d', 'MACHINE_009', false, false),
('f83dab77-7461-466a-b94f-1c6bfb8858b9', 'MACHINE_009', false, false),
('b0def8a3-2c1d-413c-bf23-23070fcf6a98', 'MACHINE_009', false, false),
('cd7ae3d4-e5ce-4873-a474-d06f0a548dd2', 'MACHINE_009', false, false),
('7dd16fd9-8f6a-49db-8b35-17f150649183', 'MACHINE_009', false, false),
('6c2aa028-8f62-4729-b873-dccd9dde990c', 'MACHINE_009', false, false),
('0a0ff201-8021-4821-a983-c891248cb2a2', 'MACHINE_009', false, false),
('b09b0157-1355-4d2f-bf0d-c4df5a19a32e', 'MACHINE_009', false, false),
('548f708e-b68f-42ef-911f-abc769e0c04a', 'MACHINE_009', false, false),
('e74c5ec8-f4cc-4438-a03a-9fa1c45b3b03', 'MACHINE_009', false, false),
('b5257910-81f2-4fd2-b6c0-5714391f1a55', 'MACHINE_009', false, false),
('6e73301b-ef48-4bb0-b034-a8f06dd5de89', 'MACHINE_009', false, false),
('ab573d19-dcfa-48ee-b814-0379854c84a4', 'MACHINE_009', false, false),
('ce456df6-58c3-4669-bb41-220f34d9a77d', 'MACHINE_009', false, false),
('27afb109-62cd-4c83-8f12-82c90b4a470e', 'MACHINE_009', false, false),
('c2efa51e-848e-4b44-abe7-37d71f4c6e92', 'MACHINE_009', false, false),
('ca61320f-a1de-4bda-aead-68b55a607e9f', 'MACHINE_009', false, false),
('e78c93b9-6866-4b71-86ae-92052a72e63e', 'MACHINE_009', false, false),
('1ae2dd99-aa52-4e38-8d4d-55eb9d6a0039', 'MACHINE_009', false, false),
('cfbe58c6-a40b-4fc7-bf57-7dede2d301f6', 'MACHINE_009', false, false),
('6b54374e-5834-4aed-bc5b-414edec20076', 'MACHINE_009', false, false),
('241fed58-81f7-4b94-95de-667d8d9ab6d9', 'MACHINE_009', false, false),
('bab92472-343b-43e9-aab8-1e9be6a3944e', 'MACHINE_009', false, false),
('5f4d6448-2cc2-4bf0-ba11-a5ed624b5e69', 'MACHINE_009', false, false),
('6facbf3d-63bc-4a7d-ba2d-7709fa4e45c7', 'MACHINE_009', false, false),
('2816c95d-3fb4-4fbf-84aa-0560001861dd', 'MACHINE_009', false, false),
('b2717743-829b-4e05-9373-b1403728254e', 'MACHINE_009', false, false),
('12339129-0099-457a-ace7-4b28e84f12b4', 'MACHINE_009', false, false),
('ec0d084b-f070-4c42-b721-c7dbab7a56b9', 'MACHINE_009', false, false),
('bd2a64d5-1ec8-445b-8e71-b1845d2c8419', 'MACHINE_009', false, false),
('74224328-0570-4c37-9ac6-bb68b4f483ae', 'MACHINE_009', false, true),
('b8a24e55-7427-48ae-a9d0-29872697d53f', 'MACHINE_009', false, false),
('c50d9c8c-da65-47f4-88a3-685ef506e0ec', 'MACHINE_009', false, false),
('37882e6d-5969-40e8-800b-0cc4c837f84d', 'MACHINE_009', false, false),
('ef0fc386-91ab-42e5-b6a2-fcde1701ed65', 'MACHINE_009', false, false),
('95a581ec-591c-4cbf-bd99-9375c26fcc4e', 'MACHINE_009', false, false),
('d1fbf866-0308-40a9-a284-314c14fa961b', 'MACHINE_009', false, true),
('8859adc3-84d7-4def-b76a-bfb2fe859d63', 'MACHINE_009', false, false),
('83431f4f-470b-4511-a0e7-172fe2b48082', 'MACHINE_009', false, false),
('fedd3ba1-0c01-4dbd-90ff-61417a15d408', 'MACHINE_009', false, false),
('e02aefd1-3319-4c88-bfd5-ec14874d52b2', 'MACHINE_009', false, false),
('7f815b81-9e5a-47c2-a208-15104137eed1', 'MACHINE_009', false, false),
('9a25d0cb-918f-40f6-a3b5-e57e783629c2', 'MACHINE_009', false, false),
('fefe0e92-4834-42f9-ad1c-589a13c57b66', 'MACHINE_009', false, false),
('20430d48-5a10-4bcb-8942-3dfa5c463c88', 'MACHINE_009', false, false),
('ca7a923b-0777-4759-97c0-8b38d39276dd', 'MACHINE_009', false, false),
('969b7af6-13f5-470f-b110-1e6822f9b364', 'MACHINE_009', false, false),
('9b97c467-ccee-4806-abbe-118cf3161c5e', 'MACHINE_009', false, false),
('16e23bf7-fdb8-4527-ac7f-457459eb941a', 'MACHINE_009', false, false),
('daaf4df0-a7db-4e6f-b8b4-ce10e50e89a5', 'MACHINE_009', false, false),
('179dfc8a-9ec5-4215-abf2-cb3171c0581e', 'MACHINE_009', false, false),
('31a4836a-2b8b-46fc-9ed0-8e888f5753eb', 'MACHINE_009', false, false),
('7ac33828-9974-40fc-bd54-1f3c3804324d', 'MACHINE_009', false, false),
('71052618-7e19-484e-baef-b6a4cae39d0e', 'MACHINE_009', false, false),
('56610f83-5f5a-4acf-8219-f145f217edfe', 'MACHINE_009', false, false),
('c6c55390-134a-4fda-8282-136238142a42', 'MACHINE_009', false, false),
('676c6415-a8a9-49ae-9db3-9ed0cd8f41b9', 'MACHINE_009', false, false),
('7f58d98e-3b3f-491c-abe6-a07888c43b92', 'MACHINE_009', false, false),
('799d8a6e-f053-4efb-a152-be5ffd8669a8', 'MACHINE_009', false, false),
('39f92f94-f297-4eae-a346-0100f57d65bc', 'MACHINE_009', false, false),
('4db4c725-9b29-42c7-9fe1-bf730f531ab9', 'MACHINE_009', false, false),
('eb7079e9-b174-45f5-8cd6-c423033e9420', 'MACHINE_009', false, false),
('495a78d1-15d9-4c95-a6b1-1eef71382046', 'MACHINE_009', false, false),
('539a30a6-edb1-425f-8830-195d9a27a3a0', 'MACHINE_009', false, false),
('e516f311-a830-4e5c-b7d1-7e08fa4cd9ab', 'MACHINE_009', false, false),
('b95b972c-e485-4be5-ba16-d759e5195a1b', 'MACHINE_010', false, false),
('b2717743-829b-4e05-9373-b1403728254e', 'MACHINE_010', false, false),
('6a31582d-f616-4455-ac9e-52c50cffb2e9', 'MACHINE_010', false, false),
('8859adc3-84d7-4def-b76a-bfb2fe859d63', 'MACHINE_010', false, false),
('495a78d1-15d9-4c95-a6b1-1eef71382046', 'MACHINE_010', false, false),
('2636e6f6-2af2-43db-8e7e-15c19d1b25f1', 'MACHINE_010', false, false),
('16e23bf7-fdb8-4527-ac7f-457459eb941a', 'MACHINE_010', false, false),
('83431f4f-470b-4511-a0e7-172fe2b48082', 'MACHINE_010', false, false),
('b6adfb3f-9d62-4477-93ff-37654fcf496f', 'MACHINE_010', false, false),
('5171b4ff-4739-4d45-ac60-710e80b2d83a', 'MACHINE_010', false, false),
('c50d9c8c-da65-47f4-88a3-685ef506e0ec', 'MACHINE_010', false, false),
('fde12647-67a1-4fd7-aee3-09962d013f8c', 'MACHINE_010', false, true),
('1b3af0d4-9469-4674-8fd0-6be1db61ff62', 'MACHINE_010', false, false),
('774ed3fd-b70a-491c-bb7d-6e53350e36ce', 'MACHINE_010', false, false),
('7f815b81-9e5a-47c2-a208-15104137eed1', 'MACHINE_010', false, false),
('2fb387ef-adbd-4811-bc4c-85f1eac28474', 'MACHINE_010', false, false),
('62ee0f92-3ea6-40d1-8029-f24c0ae405ec', 'MACHINE_010', false, false),
('d7f62b3c-1580-48dd-92e5-e5f38a53ef10', 'MACHINE_010', false, false),
('9eaadb46-5d9e-440b-a2c4-cd7d07c7560d', 'MACHINE_010', false, false),
('8902bd7e-0267-4efe-bab2-e2515d49f8d6', 'MACHINE_010', false, false),
('bd8c8922-e309-4dd4-bcca-10f072fd6cd5', 'MACHINE_010', false, false),
('7dd16fd9-8f6a-49db-8b35-17f150649183', 'MACHINE_010', false, true),
('4af83264-1496-440a-a890-5ce7e7bae671', 'MACHINE_010', false, false),
('6e73301b-ef48-4bb0-b034-a8f06dd5de89', 'MACHINE_010', false, false),
('bab92472-343b-43e9-aab8-1e9be6a3944e', 'MACHINE_010', false, false),
('3f069075-57f1-4fa8-8a43-f55b128eb61f', 'MACHINE_010', false, false),
('1ae2dd99-aa52-4e38-8d4d-55eb9d6a0039', 'MACHINE_010', false, false),
('f171af29-7f74-4086-8d97-0fb23dca2f24', 'MACHINE_010', false, false),
('4364f8d0-7148-4b44-9e56-b8afa0162f18', 'MACHINE_010', false, false),
('191ff54c-9678-4c75-ab66-ba57b5fef459', 'MACHINE_010', false, false),
('7a61f9dc-8a1e-4e9b-91cb-50f824b609c3', 'MACHINE_010', false, false),
('d803d89a-f563-40fc-bc86-3eafd7c1999d', 'MACHINE_010', false, true),
('31a4836a-2b8b-46fc-9ed0-8e888f5753eb', 'MACHINE_010', false, false),
('370fbf72-c759-4a5a-a551-608feed537c6', 'MACHINE_010', false, false),
('cf4c0099-b51b-4ba6-9603-df7b57448754', 'MACHINE_010', false, false),
('6facbf3d-63bc-4a7d-ba2d-7709fa4e45c7', 'MACHINE_010', false, false),
('a7321446-3d33-4d02-8be0-e95ba79e50b9', 'MACHINE_010', false, false),
('fe1373e1-d144-42d5-9e6a-07edbaad6cb0', 'MACHINE_010', false, false),
('707adda5-103b-4c3c-95b1-889e3f35b34d', 'MACHINE_010', false, false),
('65fa5c44-d6ec-45c6-885e-2c0e82b8c94f', 'MACHINE_010', false, false),
('cc8994a4-47ce-4d7e-862a-f261710ff36d', 'MACHINE_010', false, false),
('df90dc09-1f64-482d-bdd5-39881a978c6b', 'MACHINE_010', false, false),
('3dbcbba0-647b-464d-89ae-a364b6a8895d', 'MACHINE_010', false, false),
('e02aefd1-3319-4c88-bfd5-ec14874d52b2', 'MACHINE_010', false, false),
('799d8a6e-f053-4efb-a152-be5ffd8669a8', 'MACHINE_010', false, false),
('b8748baf-a221-4d80-b4ba-b731375e36a5', 'MACHINE_010', false, false),
('85e4fdbf-7de6-4130-b61d-c823d3ec8744', 'MACHINE_010', false, false),
('37882e6d-5969-40e8-800b-0cc4c837f84d', 'MACHINE_010', false, false),
('ec0d084b-f070-4c42-b721-c7dbab7a56b9', 'MACHINE_010', false, false),
('24046899-0df6-46a1-ad14-07ae9bc671c5', 'MACHINE_010', false, false),
('a25f2d54-3359-4a03-8413-47ed0ca8c57d', 'MACHINE_010', false, false),
('51ef85fa-9349-4983-ae68-6c7d2ab81310', 'MACHINE_010', false, false),
('a5dcb587-cc65-4fe4-8cac-fed0de1e064f', 'MACHINE_010', false, false),
('969b7af6-13f5-470f-b110-1e6822f9b364', 'MACHINE_010', false, false),
('6bee9d51-cbd9-4b56-a492-0442de46030b', 'MACHINE_010', false, false),
('a9bfe0ff-0a63-4741-9b44-30afddec81e9', 'MACHINE_010', false, false),
('bd3523f8-730a-4556-a757-d15197ef6f0f', 'MACHINE_010', false, false),
('f296386b-2e87-47cb-940e-d93db769af37', 'MACHINE_010', false, false),
('c6c55390-134a-4fda-8282-136238142a42', 'MACHINE_010', false, false),
('35e5bb1f-a20a-4db7-8f4c-851951d2a24b', 'MACHINE_010', false, false),
('f37b2b39-87f8-4573-bad2-3ed8d95284d1', 'MACHINE_010', false, false),
('dddae703-1637-4015-9652-498a9b2fe73d', 'MACHINE_010', false, false),
('9a25d0cb-918f-40f6-a3b5-e57e783629c2', 'MACHINE_010', false, false),
('27afb109-62cd-4c83-8f12-82c90b4a470e', 'MACHINE_010', false, false),
('548f708e-b68f-42ef-911f-abc769e0c04a', 'MACHINE_010', false, false),
('fd253476-8989-48ce-9d58-0ed45f86c8b8', 'MACHINE_010', false, false),
('d08977d4-7137-433b-8b85-ac80dabdc33f', 'MACHINE_010', false, false),
('9aef2093-7f09-481e-b183-ae8b2d92edbd', 'MACHINE_010', false, false),
('151fa274-55cb-4989-bf94-0907d3f31424', 'MACHINE_010', false, false),
('539a30a6-edb1-425f-8830-195d9a27a3a0', 'MACHINE_010', false, false),
('39f92f94-f297-4eae-a346-0100f57d65bc', 'MACHINE_010', false, false),
('9e7fdcf3-fea9-4db7-904f-cba79109b4e0', 'MACHINE_010', false, false),
('f83b56cd-e31e-4504-b879-84d7f69a3032', 'MACHINE_011', false, false),
('cfbe58c6-a40b-4fc7-bf57-7dede2d301f6', 'MACHINE_011', false, false),
('a5dcb587-cc65-4fe4-8cac-fed0de1e064f', 'MACHINE_011', false, false),
('ef0fc386-91ab-42e5-b6a2-fcde1701ed65', 'MACHINE_011', false, false),
('7f58d98e-3b3f-491c-abe6-a07888c43b92', 'MACHINE_011', false, false),
('774ed3fd-b70a-491c-bb7d-6e53350e36ce', 'MACHINE_011', false, false),
('65fa5c44-d6ec-45c6-885e-2c0e82b8c94f', 'MACHINE_011', false, false),
('e445d30b-d74f-494c-b190-7a51ca237ab5', 'MACHINE_011', false, false),
('241fed58-81f7-4b94-95de-667d8d9ab6d9', 'MACHINE_011', false, false),
('bdc74964-8909-4c46-b6f3-7565ee9c3833', 'MACHINE_011', false, false),
('676c6415-a8a9-49ae-9db3-9ed0cd8f41b9', 'MACHINE_011', false, false),
('0289c3a6-392a-4889-89f9-226bbe77f5da', 'MACHINE_011', false, false),
('a25f2d54-3359-4a03-8413-47ed0ca8c57d', 'MACHINE_011', false, false),
('5f4d6448-2cc2-4bf0-ba11-a5ed624b5e69', 'MACHINE_011', false, false),
('8bf3e7e8-383e-408b-a83a-d7c3208ceb37', 'MACHINE_011', false, false),
('d1fbf866-0308-40a9-a284-314c14fa961b', 'MACHINE_011', false, false),
('12339129-0099-457a-ace7-4b28e84f12b4', 'MACHINE_011', false, false),
('ce6578af-e98d-4a8a-b5b3-a45866839b4e', 'MACHINE_011', false, false),
('2fb387ef-adbd-4811-bc4c-85f1eac28474', 'MACHINE_011', false, false),
('46f36604-2680-42bd-a5f5-06a5ddef2a05', 'MACHINE_011', false, false),
('ce456df6-58c3-4669-bb41-220f34d9a77d', 'MACHINE_011', false, false),
('1e2cf00e-5cb5-4fb6-9e2b-e4576d54effd', 'MACHINE_011', false, false),
('f37b2b39-87f8-4573-bad2-3ed8d95284d1', 'MACHINE_011', false, false),
('6a31582d-f616-4455-ac9e-52c50cffb2e9', 'MACHINE_011', false, false),
('fefe0e92-4834-42f9-ad1c-589a13c57b66', 'MACHINE_011', false, false),
('b0a80bf7-abfa-4036-9441-bc113acac5ae', 'MACHINE_011', false, false),
('35e5bb1f-a20a-4db7-8f4c-851951d2a24b', 'MACHINE_011', false, false),
('16e23bf7-fdb8-4527-ac7f-457459eb941a', 'MACHINE_011', false, false),
('20430d48-5a10-4bcb-8942-3dfa5c463c88', 'MACHINE_011', false, false),
('d7f62b3c-1580-48dd-92e5-e5f38a53ef10', 'MACHINE_011', false, false),
('ab573d19-dcfa-48ee-b814-0379854c84a4', 'MACHINE_011', false, false),
('1b3af0d4-9469-4674-8fd0-6be1db61ff62', 'MACHINE_011', false, false),
('9aef2093-7f09-481e-b183-ae8b2d92edbd', 'MACHINE_011', false, false),
('85e4fdbf-7de6-4130-b61d-c823d3ec8744', 'MACHINE_011', false, false),
('ca7a923b-0777-4759-97c0-8b38d39276dd', 'MACHINE_011', false, false),
('833b5439-d568-473c-961c-b01376551631', 'MACHINE_011', false, false),
('bd8c8922-e309-4dd4-bcca-10f072fd6cd5', 'MACHINE_011', false, false),
('707adda5-103b-4c3c-95b1-889e3f35b34d', 'MACHINE_011', false, false),
('fc8b8eeb-08eb-4c66-aa2c-162e0db218e1', 'MACHINE_011', false, false),
('24046899-0df6-46a1-ad14-07ae9bc671c5', 'MACHINE_011', false, false),
('e516f311-a830-4e5c-b7d1-7e08fa4cd9ab', 'MACHINE_011', false, false),
('c2efa51e-848e-4b44-abe7-37d71f4c6e92', 'MACHINE_011', false, false),
('cd7ae3d4-e5ce-4873-a474-d06f0a548dd2', 'MACHINE_011', false, false),
('3482ef3a-7fab-44b2-b0f8-6f35093fbfe3', 'MACHINE_011', false, false),
('0a0ff201-8021-4821-a983-c891248cb2a2', 'MACHINE_011', false, false),
('a9bfe0ff-0a63-4741-9b44-30afddec81e9', 'MACHINE_011', false, false),
('539a30a6-edb1-425f-8830-195d9a27a3a0', 'MACHINE_011', false, false),
('eb7079e9-b174-45f5-8cd6-c423033e9420', 'MACHINE_011', false, false),
('b95b972c-e485-4be5-ba16-d759e5195a1b', 'MACHINE_011', false, false),
('fe1373e1-d144-42d5-9e6a-07edbaad6cb0', 'MACHINE_011', false, false),
('c6c55390-134a-4fda-8282-136238142a42', 'MACHINE_011', false, false),
('71052618-7e19-484e-baef-b6a4cae39d0e', 'MACHINE_011', false, false),
('dddae703-1637-4015-9652-498a9b2fe73d', 'MACHINE_011', false, false),
('495a78d1-15d9-4c95-a6b1-1eef71382046', 'MACHINE_011', false, false),
('5333c32d-c056-45bc-b8bb-00bb37c024be', 'MACHINE_011', false, false),
('d08977d4-7137-433b-8b85-ac80dabdc33f', 'MACHINE_011', false, false),
('9c837738-ae7d-4f0d-92f1-b2c49fda7a1c', 'MACHINE_011', false, false),
('0a121e24-3408-42ef-9c25-028c3b004ab3', 'MACHINE_011', false, false),
('1ae2dd99-aa52-4e38-8d4d-55eb9d6a0039', 'MACHINE_011', false, false),
('2a983c5f-639a-4679-bbac-ace965772999', 'MACHINE_011', false, false),
('370fbf72-c759-4a5a-a551-608feed537c6', 'MACHINE_011', false, false),
('cf10b965-9b06-4b6d-aa32-a582d41eeac4', 'MACHINE_011', false, false),
('7ac33828-9974-40fc-bd54-1f3c3804324d', 'MACHINE_011', false, false),
('f83dab77-7461-466a-b94f-1c6bfb8858b9', 'MACHINE_011', false, false),
('1d998c25-7d59-42ce-8508-0d30edf31378', 'MACHINE_011', false, false),
('31a4836a-2b8b-46fc-9ed0-8e888f5753eb', 'MACHINE_011', false, false),
('231721cd-cb8f-4678-afd4-37a7e65865e3', 'MACHINE_011', false, false),
('b8748baf-a221-4d80-b4ba-b731375e36a5', 'MACHINE_011', false, false),
('2816c95d-3fb4-4fbf-84aa-0560001861dd', 'MACHINE_011', false, false),
('b8a24e55-7427-48ae-a9d0-29872697d53f', 'MACHINE_012', false, false),
('72c9941f-eebd-4f53-9a98-4843b4d65d96', 'MACHINE_012', false, false),
('f171af29-7f74-4086-8d97-0fb23dca2f24', 'MACHINE_012', false, false),
('0b40ed69-5776-46d8-bc68-11c803a6263b', 'MACHINE_012', false, false),
('9e7fdcf3-fea9-4db7-904f-cba79109b4e0', 'MACHINE_012', false, false),
('6facbf3d-63bc-4a7d-ba2d-7709fa4e45c7', 'MACHINE_012', false, false),
('b6adfb3f-9d62-4477-93ff-37654fcf496f', 'MACHINE_012', false, false),
('6ec5e633-1eca-4bb5-ae0d-3e9277ccd371', 'MACHINE_012', false, false),
('2ae45be1-ff97-40c8-9336-dfe9bdeb8752', 'MACHINE_012', false, false),
('ca61320f-a1de-4bda-aead-68b55a607e9f', 'MACHINE_012', false, false),
('7a61f9dc-8a1e-4e9b-91cb-50f824b609c3', 'MACHINE_012', false, false),
('daaf4df0-a7db-4e6f-b8b4-ce10e50e89a5', 'MACHINE_012', false, false),
('b0def8a3-2c1d-413c-bf23-23070fcf6a98', 'MACHINE_012', false, false),
('bd703494-810e-4c33-af7a-56c61103d268', 'MACHINE_012', false, false),
('7ac33828-9974-40fc-bd54-1f3c3804324d', 'MACHINE_012', false, false),
('9aef2093-7f09-481e-b183-ae8b2d92edbd', 'MACHINE_012', false, false),
('1e2cf00e-5cb5-4fb6-9e2b-e4576d54effd', 'MACHINE_012', false, false),
('b0a80bf7-abfa-4036-9441-bc113acac5ae', 'MACHINE_012', false, false),
('5333c32d-c056-45bc-b8bb-00bb37c024be', 'MACHINE_012', false, false),
('3bd1ca35-89ad-4805-b0b0-0cef4b216c3e', 'MACHINE_012', false, true),
('676c6415-a8a9-49ae-9db3-9ed0cd8f41b9', 'MACHINE_012', false, false),
('f710b8d9-2e19-4974-905f-9c790e1a7d30', 'MACHINE_012', false, false),
('a25f2d54-3359-4a03-8413-47ed0ca8c57d', 'MACHINE_012', false, false),
('e445d30b-d74f-494c-b190-7a51ca237ab5', 'MACHINE_012', false, false),
('f83b56cd-e31e-4504-b879-84d7f69a3032', 'MACHINE_012', false, false),
('aab2a7f4-480d-4d36-8641-722b20dac246', 'MACHINE_012', false, false),
('cf4c0099-b51b-4ba6-9603-df7b57448754', 'MACHINE_012', false, false),
('d803d89a-f563-40fc-bc86-3eafd7c1999d', 'MACHINE_012', false, false),
('bdc74964-8909-4c46-b6f3-7565ee9c3833', 'MACHINE_012', false, false),
('1ae2dd99-aa52-4e38-8d4d-55eb9d6a0039', 'MACHINE_012', false, false),
('bd3523f8-730a-4556-a757-d15197ef6f0f', 'MACHINE_012', false, false),
('0a0ff201-8021-4821-a983-c891248cb2a2', 'MACHINE_012', false, false),
('f296386b-2e87-47cb-940e-d93db769af37', 'MACHINE_012', false, false),
('151fa274-55cb-4989-bf94-0907d3f31424', 'MACHINE_012', false, false),
('cf10b965-9b06-4b6d-aa32-a582d41eeac4', 'MACHINE_012', false, false),
('e02aefd1-3319-4c88-bfd5-ec14874d52b2', 'MACHINE_012', false, false),
('ec0d084b-f070-4c42-b721-c7dbab7a56b9', 'MACHINE_012', false, false),
('8dee5daf-906f-48c7-95e7-5a34ee030fe3', 'MACHINE_012', false, false),
('62ee0f92-3ea6-40d1-8029-f24c0ae405ec', 'MACHINE_012', false, false),
('7f815b81-9e5a-47c2-a208-15104137eed1', 'MACHINE_012', false, false),
('6c2aa028-8f62-4729-b873-dccd9dde990c', 'MACHINE_012', false, false),
('71052618-7e19-484e-baef-b6a4cae39d0e', 'MACHINE_012', false, false),
('31a4836a-2b8b-46fc-9ed0-8e888f5753eb', 'MACHINE_012', false, false),
('12339129-0099-457a-ace7-4b28e84f12b4', 'MACHINE_012', false, false),
('9b97c467-ccee-4806-abbe-118cf3161c5e', 'MACHINE_012', false, false),
('c2efa51e-848e-4b44-abe7-37d71f4c6e92', 'MACHINE_012', false, false),
('51ef85fa-9349-4983-ae68-6c7d2ab81310', 'MACHINE_012', false, false),
('0488fcb5-7f3f-4586-a058-a1055dd54e4e', 'MACHINE_012', false, false),
('48c5346b-2591-448b-8489-2ad033a2ac71', 'MACHINE_012', false, false),
('ec55f2b4-e445-466b-aa79-407598f6eeae', 'MACHINE_012', false, false),
('b2717743-829b-4e05-9373-b1403728254e', 'MACHINE_012', false, false),
('179dfc8a-9ec5-4215-abf2-cb3171c0581e', 'MACHINE_012', false, false),
('a8572b01-733e-4072-9b80-1038bc05a1d0', 'MACHINE_012', false, false),
('abc46c01-7d4f-4edf-9438-956e01a210c2', 'MACHINE_012', false, false),
('6e73301b-ef48-4bb0-b034-a8f06dd5de89', 'MACHINE_012', false, false),
('df90dc09-1f64-482d-bdd5-39881a978c6b', 'MACHINE_012', false, false),
('799d8a6e-f053-4efb-a152-be5ffd8669a8', 'MACHINE_012', false, false),
('8bf3e7e8-383e-408b-a83a-d7c3208ceb37', 'MACHINE_012', false, false),
('fde12647-67a1-4fd7-aee3-09962d013f8c', 'MACHINE_012', false, false),
('20430d48-5a10-4bcb-8942-3dfa5c463c88', 'MACHINE_012', false, false),
('495a78d1-15d9-4c95-a6b1-1eef71382046', 'MACHINE_012', false, false),
('ce686fa4-edcb-4266-8e24-797009d9b29d', 'MACHINE_012', false, false),
('9d02907e-fe19-4623-a68d-3dd6d079fea7', 'MACHINE_012', false, false),
('833b5439-d568-473c-961c-b01376551631', 'MACHINE_012', false, false),
('8902bd7e-0267-4efe-bab2-e2515d49f8d6', 'MACHINE_012', false, false),
('2fb387ef-adbd-4811-bc4c-85f1eac28474', 'MACHINE_012', false, false),
('4d63e8d6-22ab-4b62-9b43-a798eb667d42', 'MACHINE_012', false, false),
('8859adc3-84d7-4def-b76a-bfb2fe859d63', 'MACHINE_012', false, false),
('969b7af6-13f5-470f-b110-1e6822f9b364', 'MACHINE_012', false, false),
('46f36604-2680-42bd-a5f5-06a5ddef2a05', 'MACHINE_012', false, false),
('bd8c8922-e309-4dd4-bcca-10f072fd6cd5', 'MACHINE_012', false, false),
('83431f4f-470b-4511-a0e7-172fe2b48082', 'MACHINE_001', true, false),
('bd2a64d5-1ec8-445b-8e71-b1845d2c8419', 'MACHINE_001', true, false),
('df90dc09-1f64-482d-bdd5-39881a978c6b', 'MACHINE_001', true, false),
('abc46c01-7d4f-4edf-9438-956e01a210c2', 'MACHINE_001', true, false),
('a25f2d54-3359-4a03-8413-47ed0ca8c57d', 'MACHINE_001', true, false),
('f37b2b39-87f8-4573-bad2-3ed8d95284d1', 'MACHINE_001', true, false),
('179dfc8a-9ec5-4215-abf2-cb3171c0581e', 'MACHINE_001', true, false),
('b8748baf-a221-4d80-b4ba-b731375e36a5', 'MACHINE_001', true, false),
('daaf4df0-a7db-4e6f-b8b4-ce10e50e89a5', 'MACHINE_001', true, false),
('7ac33828-9974-40fc-bd54-1f3c3804324d', 'MACHINE_001', true, false),
('7a61f9dc-8a1e-4e9b-91cb-50f824b609c3', 'MACHINE_001', true, false),
('48c5346b-2591-448b-8489-2ad033a2ac71', 'MACHINE_002', true, false),
('35e5bb1f-a20a-4db7-8f4c-851951d2a24b', 'MACHINE_002', true, false),
('65fa5c44-d6ec-45c6-885e-2c0e82b8c94f', 'MACHINE_002', true, false),
('74224328-0570-4c37-9ac6-bb68b4f483ae', 'MACHINE_003', true, false),
('cc8994a4-47ce-4d7e-862a-f261710ff36d', 'MACHINE_003', true, false),
('1e2cf00e-5cb5-4fb6-9e2b-e4576d54effd', 'MACHINE_003', true, false),
('d1928af5-22cd-42b6-8fbf-b437a064c5de', 'MACHINE_003', true, false),
('9e7fdcf3-fea9-4db7-904f-cba79109b4e0', 'MACHINE_003', true, false),
('6facbf3d-63bc-4a7d-ba2d-7709fa4e45c7', 'MACHINE_004', true, false),
('e78c93b9-6866-4b71-86ae-92052a72e63e', 'MACHINE_004', true, false),
('495a78d1-15d9-4c95-a6b1-1eef71382046', 'MACHINE_004', true, false),
('bd703494-810e-4c33-af7a-56c61103d268', 'MACHINE_004', true, false),
('6ec5e633-1eca-4bb5-ae0d-3e9277ccd371', 'MACHINE_004', true, false),
('1ae2dd99-aa52-4e38-8d4d-55eb9d6a0039', 'MACHINE_005', true, false),
('539a30a6-edb1-425f-8830-195d9a27a3a0', 'MACHINE_005', true, false),
('71052618-7e19-484e-baef-b6a4cae39d0e', 'MACHINE_005', true, false),
('d1928af5-22cd-42b6-8fbf-b437a064c5de', 'MACHINE_005', true, false),
('231721cd-cb8f-4678-afd4-37a7e65865e3', 'MACHINE_005', true, false),
('fc8b8eeb-08eb-4c66-aa2c-162e0db218e1', 'MACHINE_005', true, false),
('cd7ae3d4-e5ce-4873-a474-d06f0a548dd2', 'MACHINE_005', true, false),
('b0def8a3-2c1d-413c-bf23-23070fcf6a98', 'MACHINE_005', true, false),
('d08977d4-7137-433b-8b85-ac80dabdc33f', 'MACHINE_005', true, false),
('a5dcb587-cc65-4fe4-8cac-fed0de1e064f', 'MACHINE_006', true, true),
('46f36604-2680-42bd-a5f5-06a5ddef2a05', 'MACHINE_006', true, false),
('3f069075-57f1-4fa8-8a43-f55b128eb61f', 'MACHINE_006', true, false),
('daaf4df0-a7db-4e6f-b8b4-ce10e50e89a5', 'MACHINE_006', true, false),
('e78c93b9-6866-4b71-86ae-92052a72e63e', 'MACHINE_007', true, false),
('35e5bb1f-a20a-4db7-8f4c-851951d2a24b', 'MACHINE_007', true, false),
('f710b8d9-2e19-4974-905f-9c790e1a7d30', 'MACHINE_007', true, false),
('bd2a64d5-1ec8-445b-8e71-b1845d2c8419', 'MACHINE_007', true, false),
('9b97c467-ccee-4806-abbe-118cf3161c5e', 'MACHINE_007', true, false),
('24046899-0df6-46a1-ad14-07ae9bc671c5', 'MACHINE_007', true, false),
('5333c32d-c056-45bc-b8bb-00bb37c024be', 'MACHINE_007', true, false),
('3482ef3a-7fab-44b2-b0f8-6f35093fbfe3', 'MACHINE_007', true, false),
('12339129-0099-457a-ace7-4b28e84f12b4', 'MACHINE_008', true, false),
('72c9941f-eebd-4f53-9a98-4843b4d65d96', 'MACHINE_008', true, false),
('f710b8d9-2e19-4974-905f-9c790e1a7d30', 'MACHINE_009', true, true),
('5171b4ff-4739-4d45-ac60-710e80b2d83a', 'MACHINE_009', true, false),
('6ec5e633-1eca-4bb5-ae0d-3e9277ccd371', 'MACHINE_009', true, false),
('833b5439-d568-473c-961c-b01376551631', 'MACHINE_009', true, false),
('a8572b01-733e-4072-9b80-1038bc05a1d0', 'MACHINE_010', true, false),
('5171b4ff-4739-4d45-ac60-710e80b2d83a', 'MACHINE_011', true, false),
('191ff54c-9678-4c75-ab66-ba57b5fef459', 'MACHINE_011', true, false),
('9eaadb46-5d9e-440b-a2c4-cd7d07c7560d', 'MACHINE_011', true, false),
('fc8b8eeb-08eb-4c66-aa2c-162e0db218e1', 'MACHINE_012', true, false),
('b8748baf-a221-4d80-b4ba-b731375e36a5', 'MACHINE_012', true, false),
('4364f8d0-7148-4b44-9e56-b8afa0162f18', 'MACHINE_012', true, false),
('6b54374e-5834-4aed-bc5b-414edec20076', 'MACHINE_012', true, false)
;


INSERT INTO `demo_dataset.machine_configurations` (machine_id, parameter_id, from_date, to_date, parameter_value) VALUES 
('MACHINE_001', 'PARAM_001', '2023-01-01', '2023-01-23', 997),
('MACHINE_001', 'PARAM_001', '2023-01-24', '2023-02-06', 301),
('MACHINE_001', 'PARAM_001', '2023-02-07', '2023-03-13', 527),
('MACHINE_001', 'PARAM_001', '2023-03-14', '2023-04-21', 912),
('MACHINE_001', 'PARAM_001', '2023-04-22', '2023-05-27', 258),
('MACHINE_002', 'PARAM_001', '2023-01-01', '2023-01-03', 507),
('MACHINE_002', 'PARAM_001', '2023-01-04', '2023-02-18', 300),
('MACHINE_002', 'PARAM_001', '2023-02-19', '2023-03-12', 908),
('MACHINE_002', 'PARAM_001', '2023-03-13', '2023-04-20', 692),
('MACHINE_002', 'PARAM_001', '2023-04-21', '2023-05-20', 284),
('MACHINE_003', 'PARAM_001', '2023-01-01', '2023-01-10', 648),
('MACHINE_003', 'PARAM_001', '2023-01-11', '2023-02-05', 360),
('MACHINE_003', 'PARAM_001', '2023-02-06', '2023-03-26', 21),
('MACHINE_003', 'PARAM_001', '2023-03-27', '2023-04-28', 212),
('MACHINE_003', 'PARAM_001', '2023-04-29', '2023-05-29', 190),
('MACHINE_004', 'PARAM_001', '2023-01-01', '2023-01-12', 978),
('MACHINE_004', 'PARAM_001', '2023-01-13', '2023-02-16', 939),
('MACHINE_004', 'PARAM_001', '2023-02-17', '2023-03-30', 542),
('MACHINE_004', 'PARAM_001', '2023-03-31', '2023-04-30', 47),
('MACHINE_004', 'PARAM_001', '2023-05-01', '2023-05-10', 966),
('MACHINE_005', 'PARAM_001', '2023-01-01', '2023-01-20', 274),
('MACHINE_005', 'PARAM_001', '2023-01-21', '2023-02-22', 790),
('MACHINE_006', 'PARAM_001', '2023-01-01', '2023-01-06', 505),
('MACHINE_007', 'PARAM_001', '2023-01-01', '2023-01-13', 297),
('MACHINE_007', 'PARAM_001', '2023-01-14', '2023-02-18', 14),
('MACHINE_007', 'PARAM_001', '2023-02-19', '2023-03-12', 429),
('MACHINE_008', 'PARAM_001', '2023-01-01', '2023-01-28', 226),
('MACHINE_008', 'PARAM_001', '2023-01-29', '2023-02-26', 470),
('MACHINE_008', 'PARAM_001', '2023-02-27', '2023-03-04', 619),
('MACHINE_008', 'PARAM_001', '2023-03-05', '2023-04-24', 758),
('MACHINE_008', 'PARAM_001', '2023-04-25', '2023-05-16', 861),
('MACHINE_009', 'PARAM_001', '2023-01-01', '2023-01-27', 772),
('MACHINE_010', 'PARAM_001', '2023-01-01', '2023-01-21', 267),
('MACHINE_010', 'PARAM_001', '2023-01-22', '2023-02-09', 322),
('MACHINE_010', 'PARAM_001', '2023-02-10', '2023-03-17', 97),
('MACHINE_010', 'PARAM_001', '2023-03-18', '2023-04-30', 225),
('MACHINE_011', 'PARAM_001', '2023-01-01', '2023-01-29', 8),
('MACHINE_011', 'PARAM_001', '2023-01-30', '2023-02-06', 167),
('MACHINE_011', 'PARAM_001', '2023-02-07', '2023-03-31', 135),
('MACHINE_011', 'PARAM_001', '2023-04-01', '2023-04-19', 34),
('MACHINE_011', 'PARAM_001', '2023-04-20', '2023-05-30', 500),
('MACHINE_012', 'PARAM_001', '2023-01-01', '2023-01-17', 634),
('MACHINE_012', 'PARAM_001', '2023-01-18', '2023-02-08', 803),
('MACHINE_012', 'PARAM_001', '2023-02-09', '2023-03-11', 656),
('MACHINE_012', 'PARAM_001', '2023-03-12', '2023-04-29', 512),
('MACHINE_012', 'PARAM_001', '2023-04-30', '2023-05-06', 734),
('MACHINE_001', 'PARAM_002', '2023-01-01', '2023-01-23', 580),
('MACHINE_001', 'PARAM_002', '2023-01-24', '2023-02-07', 360),
('MACHINE_002', 'PARAM_002', '2023-01-01', '2023-01-25', 439),
('MACHINE_002', 'PARAM_002', '2023-01-26', '2023-03-01', 925),
('MACHINE_002', 'PARAM_002', '2023-03-02', '2023-03-17', 183),
('MACHINE_002', 'PARAM_002', '2023-03-18', '2023-04-10', 200),
('MACHINE_002', 'PARAM_002', '2023-04-11', '2023-05-17', 946),
('MACHINE_003', 'PARAM_002', '2023-01-01', '2023-01-17', 126),
('MACHINE_003', 'PARAM_002', '2023-01-18', '2023-02-09', 511),
('MACHINE_003', 'PARAM_002', '2023-02-10', '2023-03-04', 855),
('MACHINE_004', 'PARAM_002', '2023-01-01', '2023-01-02', 766),
('MACHINE_005', 'PARAM_002', '2023-01-01', '2023-01-25', 698),
('MACHINE_005', 'PARAM_002', '2023-01-26', '2023-02-26', 142),
('MACHINE_006', 'PARAM_002', '2023-01-01', '2023-01-25', 607),
('MACHINE_006', 'PARAM_002', '2023-01-26', '2023-02-07', 450),
('MACHINE_006', 'PARAM_002', '2023-02-08', '2023-03-22', 526),
('MACHINE_006', 'PARAM_002', '2023-03-23', '2023-04-22', 890),
('MACHINE_007', 'PARAM_002', '2023-01-01', '2023-01-07', 303),
('MACHINE_007', 'PARAM_002', '2023-01-08', '2023-02-20', 989),
('MACHINE_007', 'PARAM_002', '2023-02-21', '2023-03-19', 488),
('MACHINE_007', 'PARAM_002', '2023-03-20', '2023-04-14', 598),
('MACHINE_007', 'PARAM_002', '2023-04-15', '2023-05-16', 277),
('MACHINE_008', 'PARAM_002', '2023-01-01', '2023-01-17', 846),
('MACHINE_008', 'PARAM_002', '2023-01-18', '2023-02-17', 794),
('MACHINE_008', 'PARAM_002', '2023-02-18', '2023-03-26', 994),
('MACHINE_008', 'PARAM_002', '2023-03-27', '2023-04-28', 458),
('MACHINE_009', 'PARAM_002', '2023-01-01', '2023-01-06', 358),
('MACHINE_009', 'PARAM_002', '2023-01-07', '2023-02-28', 760),
('MACHINE_009', 'PARAM_002', '2023-03-01', '2023-03-13', 551),
('MACHINE_009', 'PARAM_002', '2023-03-14', '2023-04-20', 322),
('MACHINE_010', 'PARAM_002', '2023-01-01', '2023-01-19', 784),
('MACHINE_010', 'PARAM_002', '2023-01-20', '2023-02-13', 236),
('MACHINE_010', 'PARAM_002', '2023-02-14', '2023-03-12', 479),
('MACHINE_011', 'PARAM_002', '2023-01-01', '2023-01-25', 495),
('MACHINE_012', 'PARAM_002', '2023-01-01', '2023-01-21', 370),
('MACHINE_012', 'PARAM_002', '2023-01-22', '2023-02-20', 860),
('MACHINE_012', 'PARAM_002', '2023-02-21', '2023-03-25', 966),
('MACHINE_001', 'PARAM_003', '2023-01-01', '2023-01-22', 156),
('MACHINE_001', 'PARAM_003', '2023-01-23', '2023-02-09', 952),
('MACHINE_001', 'PARAM_003', '2023-02-10', '2023-03-14', 169),
('MACHINE_001', 'PARAM_003', '2023-03-15', '2023-04-06', 510),
('MACHINE_001', 'PARAM_003', '2023-04-07', '2023-05-09', 200),
('MACHINE_002', 'PARAM_003', '2023-01-01', '2023-01-17', 796),
('MACHINE_002', 'PARAM_003', '2023-01-18', '2023-02-08', 43),
('MACHINE_003', 'PARAM_003', '2023-01-01', '2023-01-14', 184),
('MACHINE_003', 'PARAM_003', '2023-01-15', '2023-02-28', 118),
('MACHINE_003', 'PARAM_003', '2023-03-01', '2023-03-28', 168),
('MACHINE_004', 'PARAM_003', '2023-01-01', '2023-01-26', 907),
('MACHINE_004', 'PARAM_003', '2023-01-27', '2023-02-27', 50),
('MACHINE_004', 'PARAM_003', '2023-02-28', '2023-03-09', 452),
('MACHINE_004', 'PARAM_003', '2023-03-10', '2023-04-14', 891),
('MACHINE_005', 'PARAM_003', '2023-01-01', '2023-01-23', 796),
('MACHINE_005', 'PARAM_003', '2023-01-24', '2023-02-07', 579),
('MACHINE_006', 'PARAM_003', '2023-01-01', '2023-01-28', 530),
('MACHINE_006', 'PARAM_003', '2023-01-29', '2023-02-09', 526),
('MACHINE_006', 'PARAM_003', '2023-02-10', '2023-03-04', 717),
('MACHINE_007', 'PARAM_003', '2023-01-01', '2023-01-22', 306),
('MACHINE_007', 'PARAM_003', '2023-01-23', '2023-02-22', 726),
('MACHINE_008', 'PARAM_003', '2023-01-01', '2023-01-19', 439),
('MACHINE_008', 'PARAM_003', '2023-01-20', '2023-02-25', 420),
('MACHINE_009', 'PARAM_003', '2023-01-01', '2023-01-16', 976),
('MACHINE_009', 'PARAM_003', '2023-01-17', '2023-02-25', 605),
('MACHINE_009', 'PARAM_003', '2023-02-26', '2023-03-31', 224),
('MACHINE_010', 'PARAM_003', '2023-01-01', '2023-01-26', 638),
('MACHINE_010', 'PARAM_003', '2023-01-27', '2023-02-14', 71),
('MACHINE_010', 'PARAM_003', '2023-02-15', '2023-03-03', 244),
('MACHINE_011', 'PARAM_003', '2023-01-01', '2023-01-18', 297),
('MACHINE_011', 'PARAM_003', '2023-01-19', '2023-02-11', 441),
('MACHINE_012', 'PARAM_003', '2023-01-01', '2023-01-28', 212),
('MACHINE_012', 'PARAM_003', '2023-01-29', '2023-02-14', 393),
('MACHINE_012', 'PARAM_003', '2023-02-15', '2023-03-03', 292),
('MACHINE_012', 'PARAM_003', '2023-03-04', '2023-04-24', 619),
('MACHINE_012', 'PARAM_003', '2023-04-25', '2023-05-13', 936),
('MACHINE_001', 'PARAM_004', '2023-01-01', '2023-01-02', 601),
('MACHINE_001', 'PARAM_004', '2023-01-03', '2023-02-27', 958),
('MACHINE_001', 'PARAM_004', '2023-02-28', '2023-03-18', 66),
('MACHINE_001', 'PARAM_004', '2023-03-19', '2023-04-24', 793),
('MACHINE_001', 'PARAM_004', '2023-04-25', '2023-05-30', 328),
('MACHINE_002', 'PARAM_004', '2023-01-01', '2023-01-14', 63),
('MACHINE_002', 'PARAM_004', '2023-01-15', '2023-02-23', 79),
('MACHINE_002', 'PARAM_004', '2023-02-24', '2023-03-18', 580),
('MACHINE_002', 'PARAM_004', '2023-03-19', '2023-04-06', 195),
('MACHINE_002', 'PARAM_004', '2023-04-07', '2023-05-18', 160),
('MACHINE_003', 'PARAM_004', '2023-01-01', '2023-01-21', 807),
('MACHINE_003', 'PARAM_004', '2023-01-22', '2023-02-12', 950),
('MACHINE_003', 'PARAM_004', '2023-02-13', '2023-03-12', 123),
('MACHINE_003', 'PARAM_004', '2023-03-13', '2023-04-02', 825),
('MACHINE_003', 'PARAM_004', '2023-04-03', '2023-05-26', 714),
('MACHINE_004', 'PARAM_004', '2023-01-01', '2023-01-21', 918),
('MACHINE_004', 'PARAM_004', '2023-01-22', '2023-02-12', 233),
('MACHINE_004', 'PARAM_004', '2023-02-13', '2023-03-31', 429),
('MACHINE_004', 'PARAM_004', '2023-04-01', '2023-04-25', 88),
('MACHINE_004', 'PARAM_004', '2023-04-26', '2023-05-15', 44),
('MACHINE_005', 'PARAM_004', '2023-01-01', '2023-01-11', 484),
('MACHINE_005', 'PARAM_004', '2023-01-12', '2023-02-12', 908),
('MACHINE_005', 'PARAM_004', '2023-02-13', '2023-03-26', 186),
('MACHINE_005', 'PARAM_004', '2023-03-27', '2023-04-21', 321),
('MACHINE_005', 'PARAM_004', '2023-04-22', '2023-05-11', 272),
('MACHINE_006', 'PARAM_004', '2023-01-01', '2023-01-26', 262),
('MACHINE_006', 'PARAM_004', '2023-01-27', '2023-02-24', 757),
('MACHINE_006', 'PARAM_004', '2023-02-25', '2023-03-05', 485),
('MACHINE_006', 'PARAM_004', '2023-03-06', '2023-04-29', 507),
('MACHINE_006', 'PARAM_004', '2023-04-30', '2023-05-10', 515),
('MACHINE_007', 'PARAM_004', '2023-01-01', '2023-01-10', 399),
('MACHINE_008', 'PARAM_004', '2023-01-01', '2023-01-20', 564),
('MACHINE_008', 'PARAM_004', '2023-01-21', '2023-02-16', 252),
('MACHINE_009', 'PARAM_004', '2023-01-01', '2023-01-21', 682),
('MACHINE_009', 'PARAM_004', '2023-01-22', '2023-02-16', 408),
('MACHINE_009', 'PARAM_004', '2023-02-17', '2023-03-25', 682),
('MACHINE_009', 'PARAM_004', '2023-03-26', '2023-04-20', 44),
('MACHINE_010', 'PARAM_004', '2023-01-01', '2023-01-07', 794),
('MACHINE_010', 'PARAM_004', '2023-01-08', '2023-02-26', 519),
('MACHINE_011', 'PARAM_004', '2023-01-01', '2023-01-25', 429),
('MACHINE_011', 'PARAM_004', '2023-01-26', '2023-02-04', 223),
('MACHINE_012', 'PARAM_004', '2023-01-01', '2023-01-22', 998),
('MACHINE_012', 'PARAM_004', '2023-01-23', '2023-02-28', 248),
('MACHINE_012', 'PARAM_004', '2023-03-01', '2023-03-12', 97),
('MACHINE_012', 'PARAM_004', '2023-03-13', '2023-04-25', 93),
('MACHINE_012', 'PARAM_004', '2023-04-26', '2023-05-11', 933),
('MACHINE_001', 'PARAM_005', '2023-01-01', '2023-01-06', 319),
('MACHINE_001', 'PARAM_005', '2023-01-07', '2023-02-25', 974),
('MACHINE_002', 'PARAM_005', '2023-01-01', '2023-01-24', 893),
('MACHINE_002', 'PARAM_005', '2023-01-25', '2023-02-23', 401),
('MACHINE_002', 'PARAM_005', '2023-02-24', '2023-03-08', 216),
('MACHINE_002', 'PARAM_005', '2023-03-09', '2023-04-14', 924),
('MACHINE_003', 'PARAM_005', '2023-01-01', '2023-01-02', 165),
('MACHINE_003', 'PARAM_005', '2023-01-03', '2023-02-13', 860),
('MACHINE_003', 'PARAM_005', '2023-02-14', '2023-03-31', 114),
('MACHINE_003', 'PARAM_005', '2023-04-01', '2023-04-27', 735),
('MACHINE_004', 'PARAM_005', '2023-01-01', '2023-01-13', 120),
('MACHINE_005', 'PARAM_005', '2023-01-01', '2023-01-07', 598),
('MACHINE_005', 'PARAM_005', '2023-01-08', '2023-02-19', 113),
('MACHINE_005', 'PARAM_005', '2023-02-20', '2023-03-04', 532),
('MACHINE_006', 'PARAM_005', '2023-01-01', '2023-01-14', 742),
('MACHINE_007', 'PARAM_005', '2023-01-01', '2023-01-20', 233),
('MACHINE_007', 'PARAM_005', '2023-01-21', '2023-02-18', 963),
('MACHINE_007', 'PARAM_005', '2023-02-19', '2023-03-22', 115),
('MACHINE_007', 'PARAM_005', '2023-03-23', '2023-04-11', 358),
('MACHINE_008', 'PARAM_005', '2023-01-01', '2023-01-25', 202),
('MACHINE_008', 'PARAM_005', '2023-01-26', '2023-02-25', 597),
('MACHINE_008', 'PARAM_005', '2023-02-26', '2023-03-06', 760),
('MACHINE_008', 'PARAM_005', '2023-03-07', '2023-04-16', 59),
('MACHINE_008', 'PARAM_005', '2023-04-17', '2023-05-19', 271),
('MACHINE_009', 'PARAM_005', '2023-01-01', '2023-01-28', 56),
('MACHINE_009', 'PARAM_005', '2023-01-29', '2023-02-19', 762),
('MACHINE_009', 'PARAM_005', '2023-02-20', '2023-03-08', 781),
('MACHINE_009', 'PARAM_005', '2023-03-09', '2023-04-12', 262),
('MACHINE_009', 'PARAM_005', '2023-04-13', '2023-05-23', 307),
('MACHINE_010', 'PARAM_005', '2023-01-01', '2023-01-20', 894),
('MACHINE_010', 'PARAM_005', '2023-01-21', '2023-02-06', 74),
('MACHINE_011', 'PARAM_005', '2023-01-01', '2023-01-16', 737),
('MACHINE_011', 'PARAM_005', '2023-01-17', '2023-02-11', 797),
('MACHINE_012', 'PARAM_005', '2023-01-01', '2023-01-20', 245)
;

INSERT INTO `demo_dataset.configuration_parameters` (parameter_id, parameter_name) VALUES
('PARAM_005', 'Current'),
('PARAM_003', 'Speed'),
('PARAM_001', 'Temperature'),
('PARAM_004', 'Voltage'),
('PARAM_002', 'Pressure')
;

INSERT INTO `demo_dataset.materials_inventory` (material_id, material_name, quantity, supplier_quality_score, internal_quality_score, description) VALUES 
('59bc24a9-906e-4a4b-82bf-375298a10c7a', 'Aluminum arsenide (AlAs)', 34, 87, 50, 'Description for material '),
('074b6c1e-0eff-4d6c-88aa-8fc60a81aaf0', 'Aluminum arsenide (AlAs)', 126, 87, 50, 'Description for material '),
('027eb2f8-5409-4cca-b6ea-d22101b83d72', 'Boron phosphide (BP)', 133, 66, 50, 'Description for material '),
('6ff4d163-50b7-4542-8443-67ccc78fa872', 'Gallium antimonide (GaSb)', 307, 53, 50, 'Description for material '),
('a418d991-9394-4bd5-a538-3e9df79cef84', 'Gallium nitride (GaN)', 203, 68, 50, 'Description for material '),
('3f4d4467-59e1-4647-a4c5-ebe6789aab63', 'Indium nitride (InN)', 210, 87, 50, 'Description for material '),
('f5e3d4ec-9d7d-46b2-bbaa-d8c2b978a52f', 'Selenium (Se)', 220, 81, 50, 'Description for material '),
('d62f7a36-ae2f-4f48-a3a0-9bbd784b4d3b', 'Tellurium (Te)', 211, 58, 50, 'Description for material '),
('d752a76f-0208-4c96-9e32-4b12de11ba4f', 'Aluminum nitride (AlN)', 266, 95, 51, 'Description for material '),
('97dfc7a8-a033-416b-acc3-12d30790aa66', 'Gallium antimonide (GaSb)', 114, 98, 51, 'Description for material '),
('6d9fbd22-c5c9-49b2-863f-232dcc3c27fd', 'Gallium arsenide (GaAs)', 110, 98, 51, 'Description for material '),
('48262026-fd6c-4dc9-8227-24a96d44841d', 'Gallium arsenide (GaAs)', 28, 75, 51, 'Description for material '),
('f1476ad4-5885-489e-8f23-eb19d7044270', 'Indium antimonide (InSb)', 299, 73, 51, 'Description for material '),
('87f24c85-f08b-4cbe-8d49-5daa02925499', 'Sulfur (S)', 75, 70, 51, 'Description for material '),
('315f57e7-0bfd-46e7-bad7-e05f97dc5b3a', 'Zinc telluride (ZnTe)', 381, 52, 51, 'Description for material '),
('0852a976-9ce0-4992-aac6-2373aedd9fef', 'Boron phosphide (BP)', 328, 71, 52, 'Description for material '),
('21a4b92a-c876-4677-b0b7-ee8fe037c59a', 'Boron phosphide (BP)', 129, 74, 52, 'Description for material '),
('50afc845-500b-4362-8ed2-46f1758f32f8', 'Cadmium sulfide (CdS)', 224, 80, 52, 'Description for material '),
('c23313dd-b6d5-457f-a6ae-9412b6008112', 'Indium phosphide (InP)', 22, 84, 52, 'Description for material '),
('302d10ca-b051-4968-ae4e-76e723e59b7f', 'Tin (Sn, Gray Tin)', 325, 91, 52, 'Description for material '),
('38cd96bc-f95e-450b-bb8b-2b3e11b89d79', 'Zinc selenide (ZnSe)', 74, 99, 52, 'Description for material '),
('4b2147bc-aa36-4424-b88b-1d48ad736ed4', 'Boron phosphide (BP)', 310, 72, 53, 'Description for material '),
('03e3d7c8-5e3d-49fa-ab59-e299530a0302', 'Boron phosphide (BP)', 313, 75, 53, 'Description for material '),
('c89b6171-51e3-4a6b-9e1d-5ca1c982a2a8', 'Cadmium telluride (CdTe)', 118, 91, 53, 'Description for material '),
('66e83eab-f926-41f4-8916-84f3fa0795c8', 'Indium arsenide (InAs)', 207, 89, 53, 'Description for material '),
('c267918e-5266-489f-bde6-4e5d4c3c9e04', 'Indium nitride (InN)', 88, 81, 53, 'Description for material '),
('d9272f89-c00a-4c58-b02f-b58ab365767b', 'Sulfur (S)', 394, 68, 53, 'Description for material '),
('751c9e97-b926-40db-97b0-5775618fac7c', 'Zinc sulfide (ZnS)', 138, 62, 53, 'Description for material '),
('23c55d3a-67ef-4561-a6be-931185fb2b04', 'Aluminum arsenide (AlAs)', 23, 84, 54, 'Description for material '),
('85f2826c-16d7-4e94-a49b-dcf8f6605047', 'Boron arsenide (BAs)', 362, 95, 54, 'Description for material '),
('954bbca1-b7e1-48e4-95f0-cdbe7be93c55', 'Indium antimonide (InSb)', 213, 84, 54, 'Description for material '),
('7a1e2c21-72ea-4147-8dc6-9227b722daf9', 'Indium nitride (InN)', 326, 55, 54, 'Description for material '),
('4fb30132-e1bb-4338-b25a-99404639bd49', 'Aluminum phosphide (AlP)', 136, 74, 55, 'Description for material '),
('cce38252-384c-4ab5-b8c5-4b138a784838', 'Germanium (Ge)', 283, 64, 55, 'Description for material '),
('3af9c070-6d4a-42e5-b3ee-a729db98c7f2', 'Indium antimonide (InSb)', 213, 82, 55, 'Description for material '),
('432ba0f4-862f-48c8-aace-eb8a51853532', 'Indium arsenide (InAs)', 353, 92, 55, 'Description for material '),
('caeab869-d7e8-4719-82c3-cae56a18180c', 'Silicon germanide (SiGe)', 3, 54, 55, 'Description for material '),
('31f201ae-8ba8-486f-b4c8-21770ffc1edc', 'Tin (Sn, Gray Tin)', 114, 66, 55, 'Description for material '),
('bb4d451f-ce4e-4857-b0f1-cdf528ea1957', 'Zinc sulfide (ZnS)', 310, 63, 55, 'Description for material '),
('2e52fef5-db15-42ed-883a-3b1d52224acb', 'Boron arsenide (BAs)', 143, 95, 56, 'Description for material '),
('c8a5c797-8501-41af-8db2-24d48d45f9ef', 'Cadmium selenide (CdSe)', 321, 61, 56, 'Description for material '),
('7178798c-76c6-448e-bd4e-5cc575de741e', 'Gallium antimonide (GaSb)', 351, 55, 56, 'Description for material '),
('d2b73efe-285b-4ff6-b25d-e04cae47797a', 'Gallium arsenide (GaAs)', 295, 57, 56, 'Description for material '),
('dfacf892-0305-4919-b149-ae3e38c9a09d', 'Indium arsenide (InAs)', 202, 94, 56, 'Description for material '),
('71a57f67-7820-41a8-b85e-7d0016e09e1f', 'Indium phosphide (InP)', 46, 72, 56, 'Description for material '),
('8113f7b9-2935-4b5b-a6d9-60ad2e3cc74e', 'Selenium (Se)', 245, 58, 56, 'Description for material '),
('a4682f02-3911-4bac-93a2-5d9421b08861', 'Silicon germanide (SiGe)', 173, 58, 56, 'Description for material '),
('99501f7f-7e7f-4598-b6d9-c39e332f2087', 'Tin (Sn, Gray Tin)', 242, 65, 56, 'Description for material '),
('88c7deab-9580-47ae-a454-24b8db6180e9', 'Zinc oxide (ZnO)', 269, 58, 56, 'Description for material '),
('8f834de1-6d96-4e0f-9a37-24e2770052e9', 'Zinc sulfide (ZnS)', 358, 86, 56, 'Description for material '),
('c66ce13d-b312-415b-b198-14d53505ade8', 'Aluminum nitride (AlN)', 280, 86, 57, 'Description for material '),
('06a5955c-6e6e-46df-a2d5-eb3d744261ce', 'Cadmium selenide (CdSe)', 215, 76, 57, 'Description for material '),
('98070a72-65ad-41c8-a436-2de8b9b34465', 'Gallium antimonide (GaSb)', 372, 99, 57, 'Description for material '),
('324b4c7e-3534-4fe8-91c2-98756422925a', 'Indium arsenide (InAs)', 13, 58, 57, 'Description for material '),
('cc3ccf6c-23bc-4054-93fc-b3cc7efb347c', 'Zinc sulfide (ZnS)', 375, 82, 57, 'Description for material '),
('8d96fc8c-ea32-466a-bc04-67786dfbb7d4', 'Aluminum arsenide (AlAs)', 88, 79, 58, 'Description for material '),
('74d2da22-fa1c-41d7-bc82-bc1ce2520196', 'Boron nitride (BN)', 269, 52, 58, 'Description for material '),
('5074efe8-982f-44b7-a76e-1185b5344b58', 'Gallium antimonide (GaSb)', 383, 60, 58, 'Description for material '),
('397449a6-40c9-4664-8f0a-9d52c337e0ad', 'Indium arsenide (InAs)', 16, 64, 58, 'Description for material '),
('af77ac5c-4472-444c-8305-455030894d21', 'Silicon carbide (SiC)', 40, 88, 58, 'Description for material '),
('8c329f00-927b-4615-a4bc-a90682609d4f', 'Silicon germanide (SiGe)', 173, 95, 58, 'Description for material '),
('f8032386-168d-4701-8ed7-b4d2eb88ac97', 'Aluminum antimonide (AlSb)', 253, 85, 59, 'Description for material '),
('c2d4678b-a039-4765-b709-ad42763b714d', 'Aluminum antimonide (AlSb)', 233, 87, 59, 'Description for material '),
('e45e1af7-0e4c-4e61-9b76-b9560bcec03e', 'Aluminum nitride (AlN)', 164, 66, 59, 'Description for material '),
('0d734692-ee5a-454e-b744-ccc81e46828d', 'Cadmium sulfide (CdS)', 62, 73, 59, 'Description for material '),
('bc9f0c46-bb15-431d-939c-7d61223001c3', 'Gallium nitride (GaN)', 201, 83, 59, 'Description for material '),
('4e1cf1f9-4eba-4b99-9801-f32e9aef3247', 'Aluminum antimonide (AlSb)', 159, 51, 60, 'Description for material '),
('d762359f-a41d-4821-8ff8-0b07b743fc25', 'Aluminum arsenide (AlAs)', 154, 68, 60, 'Description for material '),
('514d5e36-9dbf-4ad2-90d8-010086c6c039', 'Aluminum nitride (AlN)', 144, 63, 60, 'Description for material '),
('13559a49-3838-48c7-a307-0c7682f0fcac', 'Boron phosphide (BP)', 73, 87, 60, 'Description for material '),
('dc68c85b-09c6-4d97-a2f9-a5c364064980', 'Boron phosphide (BP)', 253, 62, 60, 'Description for material '),
('7958afe8-cac3-4b8d-bf57-184915f7caf8', 'Boron phosphide (BP)', 308, 52, 60, 'Description for material '),
('96309cac-e409-48bc-a4fa-1ee961843890', 'Cadmium selenide (CdSe)', 255, 78, 60, 'Description for material '),
('94c9a8c3-8fc9-4627-af84-1cc959de5754', 'Cadmium telluride (CdTe)', 252, 90, 60, 'Description for material '),
('d0d87d9c-54be-4437-84b3-2203b58f5d83', 'Cadmium telluride (CdTe)', 182, 80, 60, 'Description for material '),
('e3ffced6-8f75-45d0-a7aa-449fcf656c99', 'Silicon (Si)', 19, 88, 60, 'Description for material '),
('1ac2fdac-d2ff-4980-afb9-12a18d5fb709', 'Zinc oxide (ZnO)', 206, 84, 60, 'Description for material '),
('ffcfe247-d969-428a-9eb3-627d8f52f5d5', 'Zinc oxide (ZnO)', 157, 98, 60, 'Description for material '),
('bb8b85dc-a4a4-4384-a916-214eea6a0af4', 'Zinc telluride (ZnTe)', 186, 87, 60, 'Description for material '),
('bc80cbfe-a986-4c5e-b3ba-148000e41056', 'Aluminum arsenide (AlAs)', 41, 89, 61, 'Description for material '),
('4383acf6-e23b-46c0-83a1-090ebf245818', 'Cadmium sulfide (CdS)', 377, 55, 61, 'Description for material '),
('2b5c5a5a-03a7-4716-a07e-1064e4424dff', 'Gallium phosphide (GaP)', 108, 71, 61, 'Description for material '),
('0376665e-fa6b-4a93-b309-7e50e131d509', 'Indium antimonide (InSb)', 343, 77, 61, 'Description for material '),
('cc6f7085-b56f-44db-9828-c00da67e5db4', 'Selenium (Se)', 143, 57, 61, 'Description for material '),
('73219edb-2035-4ad0-aa33-05b7ac99a7df', 'Selenium (Se)', 250, 66, 61, 'Description for material '),
('9f3d13a1-6f1b-44ee-b833-ac7f1f8b318f', 'Selenium (Se)', 210, 69, 61, 'Description for material '),
('1f532d81-b277-4edf-9c47-d6084aef5183', 'Silicon carbide (SiC)', 393, 70, 61, 'Description for material '),
('f751eb22-67bc-4366-8195-0985d08dd7e9', 'Gallium antimonide (GaSb)', 103, 54, 62, 'Description for material '),
('e3f54d7e-27b7-4a20-aa57-e1d5f7afe1f4', 'Gallium antimonide (GaSb)', 194, 62, 62, 'Description for material '),
('8393fc8a-8fdf-41be-a740-119c4bdef575', 'Indium phosphide (InP)', 53, 63, 62, 'Description for material '),
('e6910237-1ab9-45e0-aba2-314f1185a476', 'Indium phosphide (InP)', 386, 77, 62, 'Description for material '),
('acd334b0-2d33-45b6-9a1e-e5521b97772b', 'Silicon (Si)', 361, 96, 62, 'Description for material '),
('87034e87-fab9-43fe-997a-3bf1175a7e5d', 'Silicon germanide (SiGe)', 333, 64, 62, 'Description for material '),
('f1a349f3-e5c2-4f79-bf22-59d6702889f8', 'Sulfur (S)', 359, 90, 62, 'Description for material '),
('dc830ee7-f5e8-4203-a607-861388c3b0bb', 'Zinc oxide (ZnO)', 296, 93, 62, 'Description for material '),
('d1db27fa-d019-4cb9-ba30-fe6afe653456', 'Cadmium selenide (CdSe)', 19, 50, 63, 'Description for material '),
('329e51bc-7946-4ae4-801e-e8ea957d16ee', 'Gallium antimonide (GaSb)', 319, 55, 63, 'Description for material '),
('66c61447-a5e0-4a51-8710-39dc9dc23ca8', 'Gallium arsenide (GaAs)', 257, 50, 63, 'Description for material '),
('5d2db32a-9aea-4caa-b424-33cf2c92b8a5', 'Indium arsenide (InAs)', 90, 62, 63, 'Description for material '),
('529ce38c-9825-4157-ac62-347b314c6dac', 'Indium nitride (InN)', 112, 54, 63, 'Description for material '),
('2f639fe7-fc7e-4d55-915a-93aa2249c613', 'Indium phosphide (InP)', 87, 87, 63, 'Description for material '),
('a0ddd830-2845-4558-9958-b96075cc2db8', 'Silicon carbide (SiC)', 38, 53, 63, 'Description for material '),
('3a01ca35-ba9a-483c-89ba-0c49ff5763bf', 'Tin (Sn, Gray Tin)', 153, 80, 63, 'Description for material '),
('801aab62-0fbe-4294-997b-377d2065ec39', 'Zinc oxide (ZnO)', 202, 52, 63, 'Description for material '),
('b86403e5-fc35-4d03-bec8-5d51b502da53', 'Zinc oxide (ZnO)', 229, 88, 63, 'Description for material '),
('80b83027-1ed4-4dd2-804a-6dae0781048c', 'Zinc sulfide (ZnS)', 128, 55, 63, 'Description for material '),
('2988057c-554f-46d3-955c-3df7b08b17bd', 'Aluminum nitride (AlN)', 245, 62, 64, 'Description for material '),
('ffc0e233-a514-44be-8427-9f3ead6a34d5', 'Boron phosphide (BP)', 249, 98, 64, 'Description for material '),
('d4b4efd5-be84-4ea7-92a5-5a3a924ab4ee', 'Gallium arsenide (GaAs)', 387, 53, 64, 'Description for material '),
('b6b89f69-e301-458e-81d3-447053b89ba3', 'Indium nitride (InN)', 190, 60, 64, 'Description for material '),
('9bed4407-b67a-480c-b720-e90b14716a8d', 'Selenium (Se)', 133, 70, 64, 'Description for material '),
('7a561fb4-6a64-4f16-a053-e34550c71e91', 'Sulfur (S)', 272, 53, 64, 'Description for material '),
('d8e71b5f-c253-48cc-b5c5-2a29b1fd969c', 'Zinc selenide (ZnSe)', 262, 67, 64, 'Description for material '),
('7c686423-ce9d-4c2d-a6e3-e9d121470fdc', 'Zinc telluride (ZnTe)', 171, 58, 64, 'Description for material '),
('5164591c-5e07-4bab-87e9-9ed57c7dc06c', 'Cadmium selenide (CdSe)', 385, 76, 65, 'Description for material '),
('e95fe14e-43ea-4aa8-b71e-48429828e3dd', 'Indium antimonide (InSb)', 111, 65, 65, 'Description for material '),
('85690260-ac02-44a0-8cd2-08cd338fe3a2', 'Silicon germanide (SiGe)', 229, 53, 65, 'Description for material '),
('b48b9f32-5bd8-4e0c-a013-73bf0e11ce34', 'Sulfur (S)', 393, 69, 65, 'Description for material '),
('a8360862-a41d-4b98-9db8-d1b474e9be45', 'Sulfur (S)', 154, 78, 65, 'Description for material '),
('79edc544-ebda-4aa5-9452-2421f50f4e7b', 'Tellurium (Te)', 227, 53, 65, 'Description for material '),
('bd846fb6-ca58-441c-8025-5e5fec3c71f0', 'Tellurium (Te)', 207, 72, 65, 'Description for material '),
('c476cefd-a870-4bb7-aee0-9f61cf1ab712', 'Tin (Sn, Gray Tin)', 147, 94, 65, 'Description for material '),
('46af0714-c40b-438f-b5d3-b9b43caa99bf', 'Zinc oxide (ZnO)', 135, 65, 65, 'Description for material '),
('d8c445e3-851f-47c4-bb24-52f8f7c888f5', 'Aluminum nitride (AlN)', 160, 51, 66, 'Description for material '),
('7b0bedeb-fbcd-4fcb-9b6a-3428ba865a58', 'Aluminum nitride (AlN)', 188, 87, 66, 'Description for material '),
('7d1ce2e6-290b-49be-ab36-b9944cb90534', 'Boron phosphide (BP)', 363, 61, 66, 'Description for material '),
('a7396d58-6f93-4416-9c87-facc7f27299a', 'Gallium antimonide (GaSb)', 386, 68, 66, 'Description for material '),
('e2a7fc2c-5b18-4ae8-8ed2-cbe5d9d63a29', 'Indium nitride (InN)', 52, 57, 66, 'Description for material '),
('297dd779-42bf-4a3b-93ef-449b49967d12', 'Zinc selenide (ZnSe)', 385, 66, 66, 'Description for material '),
('769b0be4-5006-4297-938e-fee617e0b3c2', 'Zinc telluride (ZnTe)', 218, 65, 66, 'Description for material '),
('3d091f39-9c6b-41f3-bb8c-79e5a036c7a7', 'Aluminum phosphide (AlP)', 73, 52, 67, 'Description for material '),
('4f11cf75-cd19-4f2a-b8f1-38d8ab39709b', 'Aluminum phosphide (AlP)', 179, 78, 67, 'Description for material '),
('5f970cfb-cb8d-4e34-985b-9f937a51d81d', 'Cadmium selenide (CdSe)', 304, 52, 67, 'Description for material '),
('08688328-658d-4788-a612-e6ad2ef89279', 'Cadmium telluride (CdTe)', 398, 50, 67, 'Description for material '),
('713e2f69-8cc0-4416-8662-ddd4374aa647', 'Gallium antimonide (GaSb)', 379, 94, 67, 'Description for material '),
('8332cc4c-ea8f-435c-8a52-c90fe0a1d6be', 'Germanium (Ge)', 312, 55, 67, 'Description for material '),
('c7464357-048a-4877-91e1-da0efe8fed1f', 'Indium antimonide (InSb)', 85, 66, 67, 'Description for material '),
('9d89138a-b7fc-44ff-949d-8dade07eb93f', 'Indium nitride (InN)', 163, 55, 67, 'Description for material '),
('192c6d5f-039c-4690-840c-048de03f45af', 'Aluminum phosphide (AlP)', 182, 63, 68, 'Description for material '),
('7647c586-933d-496b-a51f-69b3b425e58a', 'Boron arsenide (BAs)', 308, 73, 68, 'Description for material '),
('2dc96ce5-c28c-4e42-8ed8-2675ea4646f8', 'Cadmium sulfide (CdS)', 136, 79, 68, 'Description for material '),
('77c8e20e-f792-4315-aa86-c4053faa03e5', 'Gallium arsenide (GaAs)', 280, 71, 68, 'Description for material '),
('357dd487-3d76-4d1c-b40e-5840192c0a41', 'Indium antimonide (InSb)', 240, 88, 68, 'Description for material '),
('2f1844db-3f34-4ac9-bc19-ec0a9fa4e708', 'Silicon carbide (SiC)', 55, 64, 68, 'Description for material '),
('71bdec90-8004-4bc2-ae4d-5427b5e2bf24', 'Sulfur (S)', 97, 51, 68, 'Description for material '),
('474d8276-b556-4407-bf8a-3d4626106294', 'Zinc oxide (ZnO)', 209, 57, 68, 'Description for material '),
('cf4747a0-20e6-4d36-a129-27bd072413cf', 'Boron arsenide (BAs)', 50, 96, 69, 'Description for material '),
('892848ca-8d1e-4c9f-a94b-bcbf4300d323', 'Boron nitride (BN)', 385, 65, 69, 'Description for material '),
('b46f9d7d-2c97-4943-afb8-2acdb6743f3b', 'Boron nitride (BN)', 196, 53, 69, 'Description for material '),
('d9f15077-c90c-4170-8d63-c4a0c3508fc0', 'Cadmium telluride (CdTe)', 286, 73, 69, 'Description for material '),
('ca38774c-4d95-49ca-8d21-e3c6b5a568e1', 'Gallium antimonide (GaSb)', 186, 85, 69, 'Description for material '),
('0e6e690a-fab3-4f7e-af78-f3070a225ed8', 'Germanium (Ge)', 171, 88, 69, 'Description for material '),
('6deb4ab1-fbc4-46aa-8aaf-674b7c7d74e5', 'Silicon (Si)', 322, 52, 69, 'Description for material '),
('2168ac46-4011-4b46-b580-829acb21e115', 'Silicon (Si)', 120, 81, 69, 'Description for material '),
('b97947ef-6739-45d6-839d-4c8abc5acffc', 'Zinc selenide (ZnSe)', 7, 84, 69, 'Description for material '),
('7410d38e-b8f0-42ea-8393-ae75cb1ac931', 'Aluminum arsenide (AlAs)', 201, 59, 70, 'Description for material '),
('a54f702e-f06b-4fb9-b113-9b6399ca6944', 'Aluminum phosphide (AlP)', 9, 57, 70, 'Description for material '),
('b9a7f9ff-52fa-4845-a33b-8a7c0f4b8c85', 'Boron arsenide (BAs)', 163, 78, 70, 'Description for material '),
('5bf722b7-bf2a-4680-93bd-f0a304001109', 'Boron nitride (BN)', 385, 66, 70, 'Description for material '),
('4b9e4829-b339-43df-a197-1dce1cd12994', 'Cadmium selenide (CdSe)', 316, 79, 70, 'Description for material '),
('3a35c3ed-5c6f-48e9-a56a-a37bcc58a86d', 'Gallium nitride (GaN)', 207, 97, 70, 'Description for material '),
('f18b9da2-425f-4c3e-9ca8-52e8007d54d6', 'Gallium nitride (GaN)', 143, 62, 70, 'Description for material '),
('e3e9f70f-012d-490b-95a3-87c25b37daa1', 'Indium antimonide (InSb)', 236, 92, 70, 'Description for material '),
('cf5acc2b-6c5c-4967-967c-4671388b2d65', 'Indium nitride (InN)', 169, 54, 70, 'Description for material '),
('8bf9c80e-e396-4752-90d8-d4e0c4b264f7', 'Indium phosphide (InP)', 239, 52, 70, 'Description for material '),
('e3a99ee9-58b2-471f-b421-b5dbab1b94a7', 'Aluminum arsenide (AlAs)', 222, 56, 71, 'Description for material '),
('270689d7-7f39-4a01-bb90-3718a36b9a98', 'Boron phosphide (BP)', 297, 54, 71, 'Description for material '),
('2aa652ec-f004-4a5a-aa28-654feaadf1e6', 'Boron phosphide (BP)', 373, 95, 71, 'Description for material '),
('f12c25ff-6a8d-462d-9b9e-7c59dda61d0e', 'Cadmium sulfide (CdS)', 107, 93, 71, 'Description for material '),
('cede984b-0464-4697-925b-486041728a8b', 'Gallium antimonide (GaSb)', 17, 59, 71, 'Description for material '),
('663d7612-84b7-4f3a-a0fd-cd8d4c7c639c', 'Gallium antimonide (GaSb)', 121, 92, 71, 'Description for material '),
('51364daa-d5bd-4418-a31e-41f1b9b0418a', 'Gallium phosphide (GaP)', 109, 55, 71, 'Description for material '),
('1d352523-ea2f-4fe5-944c-6af2291250ff', 'Germanium (Ge)', 1, 73, 71, 'Description for material '),
('db532c56-b44d-49d5-94a9-d8008d670862', 'Zinc oxide (ZnO)', 4, 76, 71, 'Description for material '),
('1d152e5b-eb38-4a9a-b0f2-7228bb00171f', 'Zinc telluride (ZnTe)', 121, 59, 71, 'Description for material '),
('10dc13b1-f819-4413-bdc1-491bd37cd0cc', 'Gallium arsenide (GaAs)', 328, 63, 72, 'Description for material '),
('32e65e01-d7a5-46f4-82a9-8574c27e8fc0', 'Germanium (Ge)', 194, 50, 72, 'Description for material '),
('fd60cf5a-d9de-479a-8343-6470917d8fb1', 'Indium arsenide (InAs)', 98, 95, 72, 'Description for material '),
('50d7b7ef-61cc-4e32-9ac7-d7238f6dc461', 'Indium nitride (InN)', 387, 79, 72, 'Description for material '),
('2cca5181-a54d-423f-9936-3d8b6d4db836', 'Tin (Sn, Gray Tin)', 137, 61, 72, 'Description for material '),
('d1bdab8c-bd78-4751-a167-a831329f0160', 'Zinc telluride (ZnTe)', 84, 98, 72, 'Description for material '),
('f22bc651-5655-4c7e-8e2e-a6a4c82b8a10', 'Boron nitride (BN)', 256, 82, 73, 'Description for material '),
('fd3abfe7-7d83-4f59-84ce-0364a5249a39', 'Gallium antimonide (GaSb)', 18, 56, 73, 'Description for material '),
('1728a1dd-8c4f-450c-a78c-4b88ce3596dd', 'Gallium arsenide (GaAs)', 94, 81, 73, 'Description for material '),
('aeb34c17-e85e-4fce-b592-0bd8e320d82c', 'Gallium phosphide (GaP)', 379, 98, 73, 'Description for material '),
('d4a881e1-8677-45f2-80d5-219473a7f8bd', 'Silicon carbide (SiC)', 374, 81, 73, 'Description for material '),
('e135e4aa-29a6-4fd6-9cb5-3891f6d0bd08', 'Zinc oxide (ZnO)', 380, 83, 73, 'Description for material '),
('154d68c7-3a6a-4643-b852-554c4b39abd4', 'Aluminum antimonide (AlSb)', 238, 54, 74, 'Description for material '),
('b4ad383c-f394-40e5-b5eb-75633f91f8cc', 'Aluminum arsenide (AlAs)', 223, 94, 74, 'Description for material '),
('54a02873-1702-4c34-a36f-9ba621720970', 'Aluminum nitride (AlN)', 291, 90, 74, 'Description for material '),
('600d104d-be9a-417c-bd92-a3c08cffe380', 'Silicon germanide (SiGe)', 177, 80, 74, 'Description for material '),
('e9722815-c13a-4bf5-ba18-b4ded7b0775e', 'Cadmium telluride (CdTe)', 193, 79, 75, 'Description for material '),
('616e28fe-7c82-46dc-b1b9-523249b4f2fc', 'Gallium phosphide (GaP)', 212, 85, 75, 'Description for material '),
('e5cf1f49-e8a6-4c5f-91fd-948fc81ed18e', 'Indium arsenide (InAs)', 157, 51, 75, 'Description for material '),
('4c1ccff3-0bde-40aa-846a-bf3b76c4cd7f', 'Indium arsenide (InAs)', 352, 88, 75, 'Description for material '),
('f73b5e82-8b50-4934-b64e-d769c8bf55c0', 'Indium arsenide (InAs)', 271, 86, 75, 'Description for material '),
('7021d572-791b-420a-a79c-d63ecf063735', 'Indium phosphide (InP)', 109, 78, 75, 'Description for material '),
('d024772c-2525-4791-bded-2b060396b473', 'Selenium (Se)', 14, 66, 75, 'Description for material '),
('450f22b4-8001-4750-996c-c70f63eddc4b', 'Sulfur (S)', 150, 76, 75, 'Description for material '),
('56f03b8d-a08a-4fa3-81d6-8fdca5b359fb', 'Sulfur (S)', 46, 93, 75, 'Description for material '),
('cc057977-9215-4c5f-8cb7-527e2902810b', 'Aluminum phosphide (AlP)', 127, 69, 76, 'Description for material '),
('7a45770e-7c26-4eac-96bb-9212ff84c37b', 'Boron nitride (BN)', 238, 77, 76, 'Description for material '),
('6c799a15-1953-4dc6-a713-3aebadc08568', 'Cadmium selenide (CdSe)', 241, 88, 76, 'Description for material '),
('849b936e-3330-4014-bfd6-4a3ee844ea33', 'Cadmium sulfide (CdS)', 352, 89, 76, 'Description for material '),
('3ae9cde2-47e2-4faa-98bc-063641d9ebc5', 'Cadmium sulfide (CdS)', 349, 65, 76, 'Description for material '),
('c426395c-8164-4f72-ac23-f6331283def5', 'Cadmium telluride (CdTe)', 227, 70, 76, 'Description for material '),
('06d74bb2-4edb-4080-ac4b-a58a97b27c38', 'Gallium nitride (GaN)', 79, 66, 76, 'Description for material '),
('b9102016-a66c-4d30-a7ad-e3e27c967db7', 'Tellurium (Te)', 363, 55, 76, 'Description for material '),
('5aa0210c-c6ba-48c5-9a76-70e70179d1a7', 'Tellurium (Te)', 20, 59, 76, 'Description for material '),
('11943bc1-19ca-4d6f-b36f-60db94ed198d', 'Tin (Sn, Gray Tin)', 116, 72, 76, 'Description for material '),
('e9741482-1b6e-4838-98a3-c369e15d2ee1', 'Zinc selenide (ZnSe)', 162, 92, 76, 'Description for material '),
('50b46fd6-1097-48e0-aa46-55cd10b5b609', 'Aluminum arsenide (AlAs)', 200, 85, 77, 'Description for material '),
('a7962229-003e-4b30-aba0-8b8f24eab045', 'Aluminum nitride (AlN)', 110, 93, 77, 'Description for material '),
('b19761f6-c862-4e34-90c7-e76d9230aad7', 'Gallium antimonide (GaSb)', 353, 93, 77, 'Description for material '),
('69160f65-0d87-4f4e-9305-f47b54acf9af', 'Gallium nitride (GaN)', 290, 85, 77, 'Description for material '),
('d4d8c6bf-9f5e-481d-932a-772c5850827a', 'Gallium nitride (GaN)', 155, 68, 77, 'Description for material '),
('6b9e4810-b555-4443-b492-f05d888eaf5f', 'Indium antimonide (InSb)', 138, 85, 77, 'Description for material '),
('8fdf253c-1c3c-4dbe-af1c-e31e4a6e4775', 'Indium arsenide (InAs)', 128, 65, 77, 'Description for material '),
('a3e23ffd-93b4-4f78-ac70-e9da8f0ee0a9', 'Selenium (Se)', 315, 99, 77, 'Description for material '),
('7dbbc471-aa84-4ede-baee-c49a16fcbc9f', 'Silicon (Si)', 22, 75, 77, 'Description for material '),
('67562082-1d20-494f-967b-17497343ce4a', 'Silicon (Si)', 266, 78, 77, 'Description for material '),
('7a4b3296-0ba7-46ba-8ea8-7bf576b4a616', 'Zinc selenide (ZnSe)', 307, 79, 77, 'Description for material '),
('aca55668-f4e7-4e4c-b183-b8b54dacf2a4', 'Aluminum arsenide (AlAs)', 53, 67, 78, 'Description for material '),
('e07605ff-4349-4202-937f-5247f822b0af', 'Aluminum phosphide (AlP)', 286, 97, 78, 'Description for material '),
('608e09fd-ab71-4f88-8d4a-2e66e245111a', 'Boron nitride (BN)', 299, 65, 78, 'Description for material '),
('2f72287a-064d-479f-8d5c-cc6c2f0aec07', 'Boron phosphide (BP)', 275, 93, 78, 'Description for material '),
('104f1b92-437f-4479-9bfc-f1996c423c08', 'Cadmium telluride (CdTe)', 219, 95, 78, 'Description for material '),
('1e608da8-338b-4263-88c4-3bb4c6b90e79', 'Gallium arsenide (GaAs)', 156, 70, 78, 'Description for material '),
('64b4ad87-d377-47aa-bcb8-15747d620165', 'Gallium arsenide (GaAs)', 90, 71, 78, 'Description for material '),
('ab63cea9-d78a-4f27-aef8-72dc36ebf541', 'Gallium nitride (GaN)', 323, 51, 78, 'Description for material '),
('3996cf85-4398-4841-b997-a94715a6f874', 'Gallium nitride (GaN)', 258, 95, 78, 'Description for material '),
('78e7a45a-f30c-43dc-b6de-9ab46e022608', 'Gallium phosphide (GaP)', 329, 56, 78, 'Description for material '),
('816e3dfe-5e9d-43ca-a015-1ec5a3652dd7', 'Gallium phosphide (GaP)', 132, 55, 78, 'Description for material '),
('5440cc60-c59e-4911-8a0f-01c02d33dcc6', 'Indium antimonide (InSb)', 378, 91, 78, 'Description for material '),
('ebf0dce9-12ce-4443-985a-2e72e73aaa88', 'Indium phosphide (InP)', 123, 81, 78, 'Description for material '),
('3d43617d-172d-4039-ba34-d81363447887', 'Zinc selenide (ZnSe)', 277, 98, 78, 'Description for material '),
('f807861a-0aa2-4fa3-8c67-30b51c6d7b6b', 'Zinc sulfide (ZnS)', 17, 69, 78, 'Description for material '),
('9e7a89db-ec80-4917-b1d9-7041468cb33d', 'Zinc telluride (ZnTe)', 81, 87, 78, 'Description for material '),
('88a4f9f5-607c-464c-b8b0-2984b13d88cf', 'Aluminum nitride (AlN)', 353, 54, 79, 'Description for material '),
('0222fd6c-c71f-4e00-9608-5f8128f29899', 'Cadmium selenide (CdSe)', 106, 79, 79, 'Description for material '),
('07847f41-cb0a-4251-88c7-c5ea5c2af833', 'Indium arsenide (InAs)', 374, 64, 79, 'Description for material '),
('61cd9fa3-99c1-46b0-b748-0ab4b1798ae5', 'Indium nitride (InN)', 174, 73, 79, 'Description for material '),
('cb777eb8-2935-45ba-8fdd-b03252506722', 'Silicon carbide (SiC)', 105, 50, 79, 'Description for material '),
('050fffdd-f270-463b-aa06-626fda0be1bf', 'Tellurium (Te)', 305, 90, 79, 'Description for material '),
('360bd231-ad30-4795-87c5-ad55d9f7f198', 'Zinc oxide (ZnO)', 149, 85, 79, 'Description for material '),
('043c6b97-a831-4b58-9de0-e65c15a17835', 'Aluminum arsenide (AlAs)', 380, 52, 80, 'Description for material '),
('daed593e-6a46-4032-9c19-3f2a3c46157e', 'Boron arsenide (BAs)', 133, 62, 80, 'Description for material '),
('288d3a44-0ca4-4cc1-bb33-905ea2a3cd39', 'Cadmium sulfide (CdS)', 375, 75, 80, 'Description for material '),
('e8b9ec7b-9bbf-43bd-be90-6cfb2fc4862c', 'Gallium nitride (GaN)', 343, 87, 80, 'Description for material '),
('b1619a1d-e27d-4bf8-b161-0b068f10957f', 'Indium arsenide (InAs)', 263, 86, 80, 'Description for material '),
('3e646c02-cd21-48a4-8206-eb6bbfcc6c5f', 'Silicon (Si)', 308, 81, 80, 'Description for material '),
('9e6c8321-bc94-459b-b506-a5c2d7c05cdd', 'Aluminum antimonide (AlSb)', 294, 85, 81, 'Description for material '),
('d664b8eb-1740-4c20-b46f-217a34176908', 'Aluminum nitride (AlN)', 160, 74, 81, 'Description for material '),
('02ddfc3f-7df0-4092-b31b-e3777e2d3a00', 'Aluminum phosphide (AlP)', 102, 73, 81, 'Description for material '),
('ad1c8ca7-8fd9-4f57-a34e-cf8911b96170', 'Boron phosphide (BP)', 155, 89, 81, 'Description for material '),
('358c464f-8303-4966-8466-04ef4d331f2f', 'Boron phosphide (BP)', 254, 51, 81, 'Description for material '),
('fb6a14f6-8104-4166-a026-8508e70a429f', 'Cadmium telluride (CdTe)', 55, 87, 81, 'Description for material '),
('b46531c9-53c0-4605-a9ec-19a233fe2929', 'Cadmium telluride (CdTe)', 28, 74, 81, 'Description for material '),
('7f743dd0-47c8-48cd-a660-2666e1519ad2', 'Gallium nitride (GaN)', 228, 61, 81, 'Description for material '),
('54067130-2364-4f28-8d79-acdbaae2be10', 'Indium phosphide (InP)', 315, 57, 81, 'Description for material '),
('69fd5f20-c51a-4d26-bd35-af9e7b83392f', 'Silicon (Si)', 67, 65, 81, 'Description for material '),
('67b705cd-c4f3-4ff2-9ce2-c149a9f486eb', 'Zinc sulfide (ZnS)', 77, 51, 81, 'Description for material '),
('9057a154-2c50-4092-9d67-28fca80a76db', 'Boron nitride (BN)', 208, 55, 82, 'Description for material '),
('7f0d0119-d5ed-4d56-8d28-7f6d9be8f43e', 'Cadmium sulfide (CdS)', 48, 64, 82, 'Description for material '),
('f59878de-a000-4060-a65a-22b9ac77a6d5', 'Gallium arsenide (GaAs)', 45, 61, 82, 'Description for material '),
('35b6e4ed-14aa-4695-8f6c-9bb884e127c8', 'Indium phosphide (InP)', 71, 66, 82, 'Description for material '),
('fb0c51d2-0a96-4a2c-9909-fadc39638fb6', 'Silicon (Si)', 153, 78, 82, 'Description for material '),
('62cc4665-742d-4352-a5bc-7f2e96be3a3e', 'Silicon (Si)', 201, 95, 82, 'Description for material '),
('ed8ddc57-33b7-4ec7-8d6f-e76c3d169f6a', 'Aluminum antimonide (AlSb)', 248, 50, 83, 'Description for material '),
('e63bbd35-379c-4e5f-a722-a79a4edf8618', 'Aluminum phosphide (AlP)', 368, 55, 83, 'Description for material '),
('f6949387-df0b-483b-92e4-3c2abc6b9780', 'Cadmium telluride (CdTe)', 143, 78, 83, 'Description for material '),
('037041e5-815b-48c3-83b4-ad62da213b8e', 'Gallium antimonide (GaSb)', 334, 96, 83, 'Description for material '),
('c2bcef4d-f2a9-4ed9-811f-866fb22e31fb', 'Indium antimonide (InSb)', 328, 60, 83, 'Description for material '),
('e23da533-ef40-4a70-bd84-3dcfd5d764db', 'Selenium (Se)', 92, 70, 83, 'Description for material '),
('e4786a06-0e44-45e1-8a2c-e7790d5c0e07', 'Sulfur (S)', 255, 76, 83, 'Description for material '),
('d3d706d2-3bd1-495e-936b-92625974c2cd', 'Sulfur (S)', 227, 83, 83, 'Description for material '),
('a5112a33-10b5-4cb7-8038-48240aa18404', 'Zinc sulfide (ZnS)', 382, 84, 83, 'Description for material '),
('1017b8b6-130e-43f5-98bf-5fedac15e45e', 'Zinc sulfide (ZnS)', 39, 51, 83, 'Description for material '),
('905519cb-0e85-4527-90cc-c8daa7d9fc75', 'Boron arsenide (BAs)', 280, 95, 84, 'Description for material '),
('1ada7f19-24bf-4b4c-8896-32c8f15dfd4c', 'Cadmium sulfide (CdS)', 133, 70, 84, 'Description for material '),
('381a90f4-8caa-4093-81ec-9f2fdb9fcc88', 'Cadmium telluride (CdTe)', 134, 53, 84, 'Description for material '),
('0a90fb8b-f266-4665-8c12-a5a326ad7d50', 'Gallium phosphide (GaP)', 369, 79, 84, 'Description for material '),
('9184c1b6-577b-4344-957d-8aeaaae5135e', 'Indium antimonide (InSb)', 82, 99, 84, 'Description for material '),
('4f226614-cd4a-433d-8170-5fa0e028ad31', 'Indium nitride (InN)', 228, 70, 84, 'Description for material '),
('576ce8ec-a7eb-4d63-b12a-3b2186ca4865', 'Tellurium (Te)', 325, 68, 84, 'Description for material '),
('fda2a920-518f-4ef6-8fb1-d5a4f37040d1', 'Zinc selenide (ZnSe)', 67, 95, 84, 'Description for material '),
('fa778912-96d4-4ecb-8611-325243422372', 'Zinc telluride (ZnTe)', 43, 72, 84, 'Description for material '),
('5c9c09fe-9ff1-48b2-80cb-8acda6659477', 'Cadmium sulfide (CdS)', 340, 59, 85, 'Description for material '),
('4f7f4c60-a948-499f-9c7a-fc6542e0261f', 'Indium nitride (InN)', 231, 70, 85, 'Description for material '),
('64075fa8-7e61-4cf2-8a8f-1ce120e2544f', 'Tellurium (Te)', 18, 86, 85, 'Description for material '),
('3e4603c4-c30f-43bc-9f11-a18dadf594bc', 'Tin (Sn, Gray Tin)', 117, 58, 85, 'Description for material '),
('b5fb5d93-f90f-40e1-9113-2d35d1c1a3a1', 'Tin (Sn, Gray Tin)', 112, 70, 85, 'Description for material '),
('abc0cb0f-0719-493b-8d4b-bee8484475d5', 'Zinc oxide (ZnO)', 368, 88, 85, 'Description for material '),
('1dd6079d-0899-49e9-850d-0217249dd528', 'Zinc oxide (ZnO)', 116, 95, 85, 'Description for material '),
('c150bd47-0d12-4d52-bc28-b48e270e6cfa', 'Zinc sulfide (ZnS)', 13, 87, 85, 'Description for material '),
('1a0ec383-3e9b-4fe3-a5d8-edd4857ecaad', 'Aluminum antimonide (AlSb)', 370, 81, 86, 'Description for material '),
('9be99e63-1cb7-4151-83f4-526949d694ca', 'Boron arsenide (BAs)', 77, 67, 86, 'Description for material '),
('2e6e4d0c-6db9-424b-b438-0de62f08f4f9', 'Boron nitride (BN)', 152, 81, 86, 'Description for material '),
('208c5042-d973-4544-a825-481987cf4748', 'Germanium (Ge)', 206, 53, 86, 'Description for material '),
('bdff6a05-4fc4-4ed5-b222-809b54cc6270', 'Germanium (Ge)', 14, 60, 86, 'Description for material '),
('457fc065-5c75-4752-861a-9148eee38c0e', 'Selenium (Se)', 79, 96, 86, 'Description for material '),
('21158b66-a055-47e3-abfb-6c22892f2f00', 'Zinc oxide (ZnO)', 134, 53, 86, 'Description for material '),
('ab41bc9e-da0c-45d8-9c6c-cc6e2d543de0', 'Aluminum antimonide (AlSb)', 148, 78, 87, 'Description for material '),
('5afc7932-0785-4f61-94a8-08198a2ea51b', 'Aluminum nitride (AlN)', 358, 73, 87, 'Description for material '),
('6ef64a40-6535-404a-ad82-93ed1a86016c', 'Aluminum nitride (AlN)', 287, 88, 87, 'Description for material '),
('0c9a17f9-bb69-4ca4-9605-a033f0960979', 'Aluminum nitride (AlN)', 133, 50, 87, 'Description for material '),
('1bf9303a-f361-4d9e-bb5a-50030fb75c3e', 'Boron arsenide (BAs)', 234, 70, 87, 'Description for material '),
('d3b8f3bc-79da-41a8-a80e-274c4abdc86b', 'Germanium (Ge)', 282, 55, 87, 'Description for material '),
('d5ad3304-8658-4a3c-9851-d409fe2f76b0', 'Zinc oxide (ZnO)', 6, 54, 87, 'Description for material '),
('b4760995-dc76-44f1-9ef5-b066eb6b32ba', 'Zinc selenide (ZnSe)', 66, 92, 87, 'Description for material '),
('4c9d525b-249e-4693-81e2-a40e1fc0f9c6', 'Zinc selenide (ZnSe)', 112, 56, 87, 'Description for material '),
('f75fdcca-acab-42cb-8812-023d398e3b20', 'Aluminum nitride (AlN)', 253, 96, 88, 'Description for material '),
('9b6f0e41-117f-4b65-b0c6-6be958606899', 'Boron nitride (BN)', 169, 74, 88, 'Description for material '),
('bd5eea82-bd06-4b63-9a90-286cef24d3ed', 'Gallium antimonide (GaSb)', 104, 94, 88, 'Description for material '),
('d913ff81-a98b-4689-b169-872cea45f15f', 'Silicon germanide (SiGe)', 103, 94, 88, 'Description for material '),
('c3aa5027-49e2-4e8f-8691-63d905ee0250', 'Zinc telluride (ZnTe)', 35, 62, 88, 'Description for material '),
('5276f41f-a58d-4e5e-91b4-abc67b450c12', 'Boron phosphide (BP)', 193, 72, 89, 'Description for material '),
('564ec4ed-af47-4add-bcf0-9ee2c4f3d93c', 'Gallium arsenide (GaAs)', 330, 96, 89, 'Description for material '),
('6b274beb-f689-4195-8fe1-50d8652299c0', 'Gallium phosphide (GaP)', 374, 75, 89, 'Description for material '),
('257fc5ee-34b5-459d-a7a2-e38f173b98cb', 'Indium arsenide (InAs)', 200, 78, 89, 'Description for material '),
('66d616ae-f30b-4a99-932b-a04a3ad0e4cc', 'Tin (Sn, Gray Tin)', 16, 76, 89, 'Description for material '),
('00de46fe-c1a9-46e3-bdf8-ae1d02eef3d3', 'Aluminum arsenide (AlAs)', 64, 60, 90, 'Description for material '),
('ac6caf40-2ef0-42a0-b850-0b0c7965aec6', 'Aluminum arsenide (AlAs)', 282, 76, 90, 'Description for material '),
('ed60b0f7-069d-4d85-9dcf-3cf6748584ff', 'Aluminum phosphide (AlP)', 88, 85, 90, 'Description for material '),
('a602cdbf-27cf-46a5-a415-783c6caff352', 'Boron phosphide (BP)', 160, 60, 90, 'Description for material '),
('41b0ccb6-cde8-41a5-a42e-9bbd1b1741e6', 'Cadmium sulfide (CdS)', 208, 71, 90, 'Description for material '),
('b1da5450-3ad3-4040-b7bb-e8e229db9e67', 'Cadmium telluride (CdTe)', 10, 61, 90, 'Description for material '),
('1bbbaa9e-2fce-4fcb-822e-a44d8aca6889', 'Gallium antimonide (GaSb)', 272, 76, 90, 'Description for material '),
('2ba32120-0354-48b9-a902-0ec350ed8087', 'Gallium arsenide (GaAs)', 122, 78, 90, 'Description for material '),
('4676cc58-daa1-4a38-bb11-0c8626f9aff2', 'Germanium (Ge)', 324, 90, 90, 'Description for material '),
('1d661d25-8d23-4797-8913-100e8a450ce6', 'Silicon carbide (SiC)', 276, 55, 90, 'Description for material '),
('8dcd58de-9386-4c2a-bde5-71463ab5609b', 'Zinc selenide (ZnSe)', 126, 85, 90, 'Description for material '),
('cdf26107-b579-4455-8ae4-778529093f53', 'Zinc sulfide (ZnS)', 231, 74, 90, 'Description for material '),
('64516a1b-b794-4147-929d-ca1c7b1760bf', 'Cadmium selenide (CdSe)', 236, 59, 91, 'Description for material '),
('4e6826cb-5d5c-4cb0-82ca-de03cbe63d89', 'Sulfur (S)', 237, 61, 91, 'Description for material '),
('b557c0ae-eb2e-41d2-95d7-4f22dbedeaf4', 'Zinc oxide (ZnO)', 285, 84, 91, 'Description for material '),
('84a6e606-680f-4ca7-b9b0-d6a83515565b', 'Boron phosphide (BP)', 147, 65, 92, 'Description for material '),
('b6e78200-c5f8-4c46-9a36-640eb9a5fa41', 'Cadmium telluride (CdTe)', 29, 69, 92, 'Description for material '),
('1ac4189d-4ff0-435f-9b41-730a54a29dd7', 'Indium nitride (InN)', 192, 51, 92, 'Description for material '),
('6499ecf4-c7d7-4350-8ec5-ef00eb697f84', 'Indium phosphide (InP)', 210, 91, 92, 'Description for material '),
('d1732e4b-a889-45b6-baa4-be413483fa83', 'Tin (Sn, Gray Tin)', 346, 97, 92, 'Description for material '),
('4b859bdf-09ce-496e-bc6c-2a953b908954', 'Boron arsenide (BAs)', 322, 68, 93, 'Description for material '),
('fe934110-0f38-4db4-a450-8590d8dc0406', 'Gallium phosphide (GaP)', 278, 85, 93, 'Description for material '),
('6e9238d2-9ef6-40d5-a16c-2da277c747a4', 'Germanium (Ge)', 347, 86, 93, 'Description for material '),
('dc972041-7956-482f-be18-bf492007325c', 'Indium nitride (InN)', 227, 87, 93, 'Description for material '),
('2cd977ae-0ef2-4f02-aaf0-abfc82930488', 'Silicon carbide (SiC)', 239, 86, 93, 'Description for material '),
('0041a6e1-7cac-4742-af03-edf310fd76b8', 'Tellurium (Te)', 197, 84, 93, 'Description for material '),
('6a0e9dd3-4ed0-46d1-af00-e97c64a8dbd6', 'Zinc sulfide (ZnS)', 78, 58, 93, 'Description for material '),
('fb3354e5-cc16-4b4d-9502-26156b2a1114', 'Aluminum phosphide (AlP)', 198, 50, 94, 'Description for material '),
('c3db9ec3-ff90-4d85-b325-14e828878aaf', 'Cadmium sulfide (CdS)', 278, 78, 94, 'Description for material '),
('1bd662f4-7e26-4523-a6cd-4e25fd3e0705', 'Cadmium telluride (CdTe)', 299, 56, 94, 'Description for material '),
('7ed51d4e-c0b2-4278-b450-02b3cfd88d8c', 'Gallium arsenide (GaAs)', 298, 78, 94, 'Description for material '),
('d8493bc0-0b5f-49e0-a8c3-ecd18aade23d', 'Indium arsenide (InAs)', 137, 53, 94, 'Description for material '),
('3f9921f4-3322-4b90-8e2e-9dbfc90766bb', 'Indium phosphide (InP)', 154, 87, 94, 'Description for material '),
('0da46598-b803-4149-bc7a-618a580b63f9', 'Zinc telluride (ZnTe)', 221, 80, 94, 'Description for material '),
('57b9124e-4a36-4068-976a-3a6f5786a2b3', 'Aluminum arsenide (AlAs)', 357, 78, 95, 'Description for material '),
('13664388-1830-40cf-b5e6-6edc5ab2a6bf', 'Boron arsenide (BAs)', 218, 90, 95, 'Description for material '),
('5afeb964-157f-4b17-9fbd-84f69fa61a39', 'Boron phosphide (BP)', 156, 94, 95, 'Description for material '),
('3fc0ecea-3015-4a7e-bf50-e6c03e22f17a', 'Gallium nitride (GaN)', 390, 57, 95, 'Description for material '),
('e4cb36a7-3be7-424a-ba0b-89fe1b0f492a', 'Gallium nitride (GaN)', 156, 87, 95, 'Description for material '),
('160619b4-998f-4676-9619-aa16500c1522', 'Indium phosphide (InP)', 205, 81, 95, 'Description for material '),
('1a9c9db9-321a-47f0-b74e-e7a154cdcef2', 'Sulfur (S)', 257, 84, 95, 'Description for material '),
('9809bd17-18e6-4397-abfa-10aa8ce05620', 'Sulfur (S)', 106, 90, 95, 'Description for material '),
('d34a428f-bbb7-4dc0-9a8e-e83dbbb222fc', 'Sulfur (S)', 211, 76, 95, 'Description for material '),
('980f6b65-d3eb-4ee4-a518-fca8895fe345', 'Aluminum antimonide (AlSb)', 69, 86, 96, 'Description for material '),
('6af6f015-89a4-42d3-8cb7-97259ddc469a', 'Cadmium telluride (CdTe)', 132, 91, 96, 'Description for material '),
('1317201c-165a-49e7-b697-ecf0638d2485', 'Selenium (Se)', 343, 90, 96, 'Description for material '),
('4d513592-7653-446d-a315-4c5e8b857152', 'Sulfur (S)', 153, 93, 96, 'Description for material '),
('dfd95b16-e375-4c03-bb8b-9330b48346ea', 'Cadmium sulfide (CdS)', 194, 70, 97, 'Description for material '),
('b1977057-6dcf-46d3-ab21-bdb2f5f022d2', 'Gallium antimonide (GaSb)', 49, 88, 97, 'Description for material '),
('151bce26-26a6-42fb-bb4d-0fad75fc3fe5', 'Gallium nitride (GaN)', 106, 50, 97, 'Description for material '),
('3ac5dd80-7d49-4b3c-bd92-146ea6f1232d', 'Indium nitride (InN)', 48, 73, 97, 'Description for material '),
('2f5d031d-296b-4ee9-938a-1481154d007c', 'Selenium (Se)', 229, 71, 97, 'Description for material '),
('14873ce4-3b3c-46de-9047-f715cdf57b68', 'Zinc oxide (ZnO)', 152, 83, 97, 'Description for material '),
('4ecfcfda-e9a5-43d2-aa57-88183effabcf', 'Zinc oxide (ZnO)', 323, 61, 97, 'Description for material '),
('90df8155-f9f6-4727-b964-f0cb8044d462', 'Zinc selenide (ZnSe)', 10, 96, 97, 'Description for material '),
('abd5e309-355e-4eec-ae04-12555e8d55b2', 'Zinc telluride (ZnTe)', 328, 69, 97, 'Description for material '),
('e6c9e187-23eb-4c61-8c14-0dbbab1ed349', 'Aluminum antimonide (AlSb)', 201, 64, 98, 'Description for material '),
('31b3b88d-c288-4aa7-ac89-92f0f2a82482', 'Aluminum antimonide (AlSb)', 34, 85, 98, 'Description for material '),
('0b34f2f1-e79e-4c36-86f4-51032f1d891b', 'Aluminum nitride (AlN)', 75, 76, 98, 'Description for material '),
('ff17812a-a2b8-4ad6-a5d8-eb6b080899c6', 'Boron phosphide (BP)', 314, 63, 98, 'Description for material '),
('41f6f900-ef08-4f82-a8b6-6832ab14d0ee', 'Gallium arsenide (GaAs)', 354, 62, 98, 'Description for material '),
('01b14d82-42f4-442b-be38-1b4e7b4609e2', 'Gallium phosphide (GaP)', 342, 75, 98, 'Description for material '),
('281fa531-a6b3-4e09-8e83-10add23e3d23', 'Germanium (Ge)', 22, 83, 98, 'Description for material '),
('83c17a31-f35d-4cd9-b486-d9a9f031b82a', 'Germanium (Ge)', 254, 99, 98, 'Description for material '),
('17f429c4-e5bf-490e-a780-10f60c0ff141', 'Germanium (Ge)', 333, 83, 98, 'Description for material '),
('eab4cab5-1683-4740-9182-57400ff30f9a', 'Silicon (Si)', 69, 51, 98, 'Description for material '),
('c292ade5-abf1-46d6-9051-030f7765f2e6', 'Silicon (Si)', 380, 87, 98, 'Description for material '),
('8f9d406d-075c-4331-9c37-97a1ca1c2bea', 'Zinc sulfide (ZnS)', 339, 65, 98, 'Description for material '),
('d095594a-e263-4592-b3e0-35c7b3fa9cb8', 'Zinc telluride (ZnTe)', 3, 83, 98, 'Description for material '),
('50924e64-f842-4887-9436-514fa9d2018b', 'Aluminum antimonide (AlSb)', 291, 99, 99, 'Description for material '),
('5073f88a-7d7e-40af-8faa-fb00f6f57e52', 'Aluminum antimonide (AlSb)', 249, 90, 99, 'Description for material '),
('0edf33fe-8d56-4637-bd3f-91765e004b31', 'Aluminum phosphide (AlP)', 96, 69, 99, 'Description for material '),
('08ca9892-df73-4c59-8fdc-406a2528fe44', 'Boron nitride (BN)', 41, 52, 99, 'Description for material '),
('a3126907-3f74-4b79-a23b-4d097bf3817d', 'Cadmium selenide (CdSe)', 76, 90, 99, 'Description for material '),
('a57fe8e6-ac67-4eed-8a85-3c7c97d44280', 'Gallium arsenide (GaAs)', 285, 65, 99, 'Description for material '),
('2fb4c84f-84aa-4a74-af90-fd15de35be8a', 'Gallium nitride (GaN)', 140, 71, 99, 'Description for material '),
('464ed61c-5bdf-495b-a6d4-e4c621e258ec', 'Indium phosphide (InP)', 308, 68, 99, 'Description for material '),
('434707a4-0e8b-408b-90b9-effc1a4dbb0f', 'Indium phosphide (InP)', 111, 57, 99, 'Description for material '),
('d0888550-3440-451e-826e-3e6cf855fbb8', 'Zinc telluride (ZnTe)', 232, 96, 99, 'Description for material ')
;

INSERT INTO `demo_dataset.machines` (machine_id, machine_name, machine_description) VALUES 
('MACHINE_003', 'CVD Reactor', 'Deposits thin films onto wafers through chemical vapor deposition processes.'),
('MACHINE_007', 'Automated Optical Inspection (AOI)', 'Inspects wafers for defects and irregularities using advanced optical imaging.'),
('MACHINE_005', 'CMP Polisher', 'Performs chemical mechanical planarization to flatten and polish wafer surfaces.'),
('MACHINE_009', 'Dicing Saw', 'Precisely cuts silicon wafers into individual semiconductor dies.'),
('MACHINE_010', 'Wire Bonder', 'Connects the bond pads of semiconductor dies to the lead frame or package pins.'),
('MACHINE_001', 'Photolithography Stepper', 'High-precision system for transferring circuit patterns onto silicon wafers using UV light.'),
('MACHINE_011', 'Die Attach Machine', 'Mounts individual semiconductor dies onto lead frames or substrates.'),
('MACHINE_004', 'Ion Implanter', 'Introduces dopant ions into semiconductor materials to modify electrical properties.'),
('MACHINE_006', 'Wafer Cleaning Station', 'Utilizes various chemical and physical methods to remove contaminants from wafers.'),
('MACHINE_002', 'Dry Etch System', 'Removes material from wafer surfaces using plasma in a vacuum environment.'),
('MACHINE_012', 'Automated Test Equipment (ATE)', 'Performs electrical functional and parametric tests on finished semiconductor devices.'),
('MACHINE_008', 'CD-SEM Metrology Tool', 'Measures critical dimensions of features on wafers using scanning electron microscopy.')
;

INSERT INTO `demo_dataset.product_materials_used` (production_process_id, material_id, quantity) VALUES
 ('1e2cf00e-5cb5-4fb6-9e2b-e4576d54effd', 'cede984b-0464-4697-925b-486041728a8b', 1),
 ('ef0fc386-91ab-42e5-b6a2-fcde1701ed65', '4fb30132-e1bb-4338-b25a-99404639bd49', 1),
 ('b8a24e55-7427-48ae-a9d0-29872697d53f', 'd913ff81-a98b-4689-b169-872cea45f15f', 1),
 ('6c2aa028-8f62-4729-b873-dccd9dde990c', '99501f7f-7e7f-4598-b6d9-c39e332f2087', 1),
 ('cfbe58c6-a40b-4fc7-bf57-7dede2d301f6', 'c8a5c797-8501-41af-8db2-24d48d45f9ef', 2),
 ('bd8c8922-e309-4dd4-bcca-10f072fd6cd5', '64b4ad87-d377-47aa-bcb8-15747d620165', 2),
 ('231721cd-cb8f-4678-afd4-37a7e65865e3', 'f5e3d4ec-9d7d-46b2-bbaa-d8c2b978a52f', 2),
 ('85e4fdbf-7de6-4130-b61d-c823d3ec8744', '257fc5ee-34b5-459d-a7a2-e38f173b98cb', 3),
 ('6ec5e633-1eca-4bb5-ae0d-3e9277ccd371', '4e6826cb-5d5c-4cb0-82ca-de03cbe63d89', 3),
 ('0b40ed69-5776-46d8-bc68-11c803a6263b', '6ff4d163-50b7-4542-8443-67ccc78fa872', 3),
 ('1e2cf00e-5cb5-4fb6-9e2b-e4576d54effd', 'f1476ad4-5885-489e-8f23-eb19d7044270', 3),
 ('d803d89a-f563-40fc-bc86-3eafd7c1999d', '2988057c-554f-46d3-955c-3df7b08b17bd', 4),
 ('20430d48-5a10-4bcb-8942-3dfa5c463c88', 'c3aa5027-49e2-4e8f-8691-63d905ee0250', 4),
 ('4db4c725-9b29-42c7-9fe1-bf730f531ab9', 'dc68c85b-09c6-4d97-a2f9-a5c364064980', 4),
 ('7ac33828-9974-40fc-bd54-1f3c3804324d', 'b97947ef-6739-45d6-839d-4c8abc5acffc', 4),
 ('151fa274-55cb-4989-bf94-0907d3f31424', '7ed51d4e-c0b2-4278-b450-02b3cfd88d8c', 4),
 ('b0def8a3-2c1d-413c-bf23-23070fcf6a98', '14873ce4-3b3c-46de-9047-f715cdf57b68', 4),
 ('7dd16fd9-8f6a-49db-8b35-17f150649183', 'b97947ef-6739-45d6-839d-4c8abc5acffc', 5),
 ('3482ef3a-7fab-44b2-b0f8-6f35093fbfe3', 'a3e23ffd-93b4-4f78-ac70-e9da8f0ee0a9', 5),
 ('2636e6f6-2af2-43db-8e7e-15c19d1b25f1', '3996cf85-4398-4841-b997-a94715a6f874', 5),
 ('a5dcb587-cc65-4fe4-8cac-fed0de1e064f', 'e135e4aa-29a6-4fd6-9cb5-3891f6d0bd08', 5),
 ('774ed3fd-b70a-491c-bb7d-6e53350e36ce', 'c150bd47-0d12-4d52-bc28-b48e270e6cfa', 5),
 ('b8a24e55-7427-48ae-a9d0-29872697d53f', 'b5fb5d93-f90f-40e1-9113-2d35d1c1a3a1', 6),
 ('799d8a6e-f053-4efb-a152-be5ffd8669a8', '8393fc8a-8fdf-41be-a740-119c4bdef575', 6),
 ('8bf3e7e8-383e-408b-a83a-d7c3208ceb37', 'f807861a-0aa2-4fa3-8c67-30b51c6d7b6b', 6),
 ('fde12647-67a1-4fd7-aee3-09962d013f8c', '3e646c02-cd21-48a4-8206-eb6bbfcc6c5f', 6),
 ('daaf4df0-a7db-4e6f-b8b4-ce10e50e89a5', 'c3aa5027-49e2-4e8f-8691-63d905ee0250', 6),
 ('95a581ec-591c-4cbf-bd99-9375c26fcc4e', 'a4682f02-3911-4bac-93a2-5d9421b08861', 7),
 ('b8a24e55-7427-48ae-a9d0-29872697d53f', '50b46fd6-1097-48e0-aa46-55cd10b5b609', 7),
 ('df90dc09-1f64-482d-bdd5-39881a978c6b', 'e45e1af7-0e4c-4e61-9b76-b9560bcec03e', 7),
 ('12339129-0099-457a-ace7-4b28e84f12b4', '69160f65-0d87-4f4e-9305-f47b54acf9af', 7),
 ('fd253476-8989-48ce-9d58-0ed45f86c8b8', 'bc80cbfe-a986-4c5e-b3ba-148000e41056', 8),
 ('bd703494-810e-4c33-af7a-56c61103d268', 'e3a99ee9-58b2-471f-b421-b5dbab1b94a7', 8),
 ('0289c3a6-392a-4889-89f9-226bbe77f5da', 'f8032386-168d-4701-8ed7-b4d2eb88ac97', 9),
 ('71052618-7e19-484e-baef-b6a4cae39d0e', 'e9741482-1b6e-4838-98a3-c369e15d2ee1', 9),
 ('3f069075-57f1-4fa8-8a43-f55b128eb61f', '2e52fef5-db15-42ed-883a-3b1d52224acb', 9),
 ('bd3523f8-730a-4556-a757-d15197ef6f0f', 'ac6caf40-2ef0-42a0-b850-0b0c7965aec6', 9),
 ('4af83264-1496-440a-a890-5ce7e7bae671', '397449a6-40c9-4664-8f0a-9d52c337e0ad', 9),
 ('3dbcbba0-647b-464d-89ae-a364b6a8895d', '4b9e4829-b339-43df-a197-1dce1cd12994', 10),
 ('12339129-0099-457a-ace7-4b28e84f12b4', '17f429c4-e5bf-490e-a780-10f60c0ff141', 10),
 ('f83dab77-7461-466a-b94f-1c6bfb8858b9', 'b46f9d7d-2c97-4943-afb8-2acdb6743f3b', 10),
 ('fde12647-67a1-4fd7-aee3-09962d013f8c', 'b1619a1d-e27d-4bf8-b161-0b068f10957f', 11),
 ('7a61f9dc-8a1e-4e9b-91cb-50f824b609c3', '74d2da22-fa1c-41d7-bc82-bc1ce2520196', 11),
 ('b95b972c-e485-4be5-ba16-d759e5195a1b', '464ed61c-5bdf-495b-a6d4-e4c621e258ec', 11),
 ('46f36604-2680-42bd-a5f5-06a5ddef2a05', '57b9124e-4a36-4068-976a-3a6f5786a2b3', 11),
 ('231721cd-cb8f-4678-afd4-37a7e65865e3', '5276f41f-a58d-4e5e-91b4-abc67b450c12', 11),
 ('df90dc09-1f64-482d-bdd5-39881a978c6b', '6b274beb-f689-4195-8fe1-50d8652299c0', 11),
 ('e516f311-a830-4e5c-b7d1-7e08fa4cd9ab', 'a7396d58-6f93-4416-9c87-facc7f27299a', 11),
 ('eb7079e9-b174-45f5-8cd6-c423033e9420', '31b3b88d-c288-4aa7-ac89-92f0f2a82482', 12),
 ('27afb109-62cd-4c83-8f12-82c90b4a470e', 'd4b4efd5-be84-4ea7-92a5-5a3a924ab4ee', 12),
 ('1b3af0d4-9469-4674-8fd0-6be1db61ff62', 'd664b8eb-1740-4c20-b46f-217a34176908', 12),
 ('aab2a7f4-480d-4d36-8641-722b20dac246', 'a3126907-3f74-4b79-a23b-4d097bf3817d', 12),
 ('b95b972c-e485-4be5-ba16-d759e5195a1b', '54067130-2364-4f28-8d79-acdbaae2be10', 12),
 ('2ae45be1-ff97-40c8-9336-dfe9bdeb8752', 'd024772c-2525-4791-bded-2b060396b473', 12),
 ('a9bfe0ff-0a63-4741-9b44-30afddec81e9', 'e9722815-c13a-4bf5-ba18-b4ded7b0775e', 12),
 ('3482ef3a-7fab-44b2-b0f8-6f35093fbfe3', '85f2826c-16d7-4e94-a49b-dcf8f6605047', 13),
 ('9d02907e-fe19-4623-a68d-3dd6d079fea7', '600d104d-be9a-417c-bd92-a3c08cffe380', 13),
 ('4af83264-1496-440a-a890-5ce7e7bae671', '2f72287a-064d-479f-8d5c-cc6c2f0aec07', 13),
 ('e445d30b-d74f-494c-b190-7a51ca237ab5', 'bb4d451f-ce4e-4857-b0f1-cdf528ea1957', 13),
 ('b5257910-81f2-4fd2-b6c0-5714391f1a55', '79edc544-ebda-4aa5-9452-2421f50f4e7b', 13),
 ('cf10b965-9b06-4b6d-aa32-a582d41eeac4', '32e65e01-d7a5-46f4-82a9-8574c27e8fc0', 13),
 ('cf10b965-9b06-4b6d-aa32-a582d41eeac4', 'd752a76f-0208-4c96-9e32-4b12de11ba4f', 14),
 ('d1928af5-22cd-42b6-8fbf-b437a064c5de', 'dfacf892-0305-4919-b149-ae3e38c9a09d', 15),
 ('31a4836a-2b8b-46fc-9ed0-8e888f5753eb', '51364daa-d5bd-4418-a31e-41f1b9b0418a', 15),
 ('65fa5c44-d6ec-45c6-885e-2c0e82b8c94f', '0376665e-fa6b-4a93-b309-7e50e131d509', 15),
 ('8dee5daf-906f-48c7-95e7-5a34ee030fe3', 'e45e1af7-0e4c-4e61-9b76-b9560bcec03e', 15),
 ('aab2a7f4-480d-4d36-8641-722b20dac246', 'd752a76f-0208-4c96-9e32-4b12de11ba4f', 15),
 ('ec0d084b-f070-4c42-b721-c7dbab7a56b9', 'd752a76f-0208-4c96-9e32-4b12de11ba4f', 15),
 ('ab573d19-dcfa-48ee-b814-0379854c84a4', 'd024772c-2525-4791-bded-2b060396b473', 16),
 ('d7f62b3c-1580-48dd-92e5-e5f38a53ef10', '31f201ae-8ba8-486f-b4c8-21770ffc1edc', 16),
 ('f710b8d9-2e19-4974-905f-9c790e1a7d30', '8f834de1-6d96-4e0f-9a37-24e2770052e9', 16),
 ('74224328-0570-4c37-9ac6-bb68b4f483ae', '97dfc7a8-a033-416b-acc3-12d30790aa66', 16),
 ('eb7079e9-b174-45f5-8cd6-c423033e9420', '85f2826c-16d7-4e94-a49b-dcf8f6605047', 16),
 ('74224328-0570-4c37-9ac6-bb68b4f483ae', 'c89b6171-51e3-4a6b-9e1d-5ca1c982a2a8', 16),
 ('ca61320f-a1de-4bda-aead-68b55a607e9f', 'b557c0ae-eb2e-41d2-95d7-4f22dbedeaf4', 16),
 ('1ae2dd99-aa52-4e38-8d4d-55eb9d6a0039', 'abd5e309-355e-4eec-ae04-12555e8d55b2', 16),
 ('8902bd7e-0267-4efe-bab2-e2515d49f8d6', 'aeb34c17-e85e-4fce-b592-0bd8e320d82c', 17),
 ('fc8b8eeb-08eb-4c66-aa2c-162e0db218e1', 'b1da5450-3ad3-4040-b7bb-e8e229db9e67', 17),
 ('83431f4f-470b-4511-a0e7-172fe2b48082', 'b46531c9-53c0-4605-a9ec-19a233fe2929', 17),
 ('a7321446-3d33-4d02-8be0-e95ba79e50b9', 'b9102016-a66c-4d30-a7ad-e3e27c967db7', 17),
 ('a9bfe0ff-0a63-4741-9b44-30afddec81e9', '2b5c5a5a-03a7-4716-a07e-1064e4424dff', 17),
 ('b0a80bf7-abfa-4036-9441-bc113acac5ae', '07847f41-cb0a-4251-88c7-c5ea5c2af833', 17),
 ('ec55f2b4-e445-466b-aa79-407598f6eeae', 'a7962229-003e-4b30-aba0-8b8f24eab045', 18),
 ('ce456df6-58c3-4669-bb41-220f34d9a77d', 'cc3ccf6c-23bc-4054-93fc-b3cc7efb347c', 18),
 ('cd7ae3d4-e5ce-4873-a474-d06f0a548dd2', '9be99e63-1cb7-4151-83f4-526949d694ca', 18),
 ('0a121e24-3408-42ef-9c25-028c3b004ab3', 'abc0cb0f-0719-493b-8d4b-bee8484475d5', 18),
 ('aab2a7f4-480d-4d36-8641-722b20dac246', 'b19761f6-c862-4e34-90c7-e76d9230aad7', 19),
 ('799d8a6e-f053-4efb-a152-be5ffd8669a8', '4ecfcfda-e9a5-43d2-aa57-88183effabcf', 19),
 ('9e7fdcf3-fea9-4db7-904f-cba79109b4e0', '9e6c8321-bc94-459b-b506-a5c2d7c05cdd', 19),
 ('c6c55390-134a-4fda-8282-136238142a42', '1317201c-165a-49e7-b697-ecf0638d2485', 19),
 ('bdc74964-8909-4c46-b6f3-7565ee9c3833', '6e9238d2-9ef6-40d5-a16c-2da277c747a4', 19),
 ('8bf3e7e8-383e-408b-a83a-d7c3208ceb37', '4b9e4829-b339-43df-a197-1dce1cd12994', 20),
 ('0488fcb5-7f3f-4586-a058-a1055dd54e4e', '06d74bb2-4edb-4080-ac4b-a58a97b27c38', 20),
 ('4364f8d0-7148-4b44-9e56-b8afa0162f18', 'f22bc651-5655-4c7e-8e2e-a6a4c82b8a10', 20),
 ('c6c55390-134a-4fda-8282-136238142a42', 'bd5eea82-bd06-4b63-9a90-286cef24d3ed', 20),
 ('7dd16fd9-8f6a-49db-8b35-17f150649183', 'f8032386-168d-4701-8ed7-b4d2eb88ac97', 20),
 ('39f92f94-f297-4eae-a346-0100f57d65bc', '7410d38e-b8f0-42ea-8393-ae75cb1ac931', 21),
 ('676c6415-a8a9-49ae-9db3-9ed0cd8f41b9', 'a7396d58-6f93-4416-9c87-facc7f27299a', 21),
 ('daaf4df0-a7db-4e6f-b8b4-ce10e50e89a5', 'a5112a33-10b5-4cb7-8038-48240aa18404', 21),
 ('b8748baf-a221-4d80-b4ba-b731375e36a5', 'd024772c-2525-4791-bded-2b060396b473', 21),
 ('7f815b81-9e5a-47c2-a208-15104137eed1', '6deb4ab1-fbc4-46aa-8aaf-674b7c7d74e5', 22),
 ('51ef85fa-9349-4983-ae68-6c7d2ab81310', 'c8a5c797-8501-41af-8db2-24d48d45f9ef', 22),
 ('7dd16fd9-8f6a-49db-8b35-17f150649183', 'e6910237-1ab9-45e0-aba2-314f1185a476', 22),
 ('fd253476-8989-48ce-9d58-0ed45f86c8b8', 'f807861a-0aa2-4fa3-8c67-30b51c6d7b6b', 22),
 ('e74c5ec8-f4cc-4438-a03a-9fa1c45b3b03', '0c9a17f9-bb69-4ca4-9605-a033f0960979', 22),
 ('4d63e8d6-22ab-4b62-9b43-a798eb667d42', '1ac2fdac-d2ff-4980-afb9-12a18d5fb709', 22),
 ('65fa5c44-d6ec-45c6-885e-2c0e82b8c94f', '7021d572-791b-420a-a79c-d63ecf063735', 22),
 ('71052618-7e19-484e-baef-b6a4cae39d0e', '302d10ca-b051-4968-ae4e-76e723e59b7f', 22),
 ('24046899-0df6-46a1-ad14-07ae9bc671c5', '3d091f39-9c6b-41f3-bb8c-79e5a036c7a7', 22),
 ('b8748baf-a221-4d80-b4ba-b731375e36a5', 'd913ff81-a98b-4689-b169-872cea45f15f', 23),
 ('833b5439-d568-473c-961c-b01376551631', '4fb30132-e1bb-4338-b25a-99404639bd49', 23),
 ('d08977d4-7137-433b-8b85-ac80dabdc33f', 'f18b9da2-425f-4c3e-9ca8-52e8007d54d6', 23),
 ('6bee9d51-cbd9-4b56-a492-0442de46030b', 'b46531c9-53c0-4605-a9ec-19a233fe2929', 23),
 ('e02aefd1-3319-4c88-bfd5-ec14874d52b2', 'b6e78200-c5f8-4c46-9a36-640eb9a5fa41', 24),
 ('ab573d19-dcfa-48ee-b814-0379854c84a4', '6deb4ab1-fbc4-46aa-8aaf-674b7c7d74e5', 24),
 ('3dbcbba0-647b-464d-89ae-a364b6a8895d', '62cc4665-742d-4352-a5bc-7f2e96be3a3e', 24),
 ('ca7a923b-0777-4759-97c0-8b38d39276dd', '06d74bb2-4edb-4080-ac4b-a58a97b27c38', 24),
 ('bd3523f8-730a-4556-a757-d15197ef6f0f', '713e2f69-8cc0-4416-8662-ddd4374aa647', 24),
 ('fefe0e92-4834-42f9-ad1c-589a13c57b66', 'c8a5c797-8501-41af-8db2-24d48d45f9ef', 24),
 ('1d998c25-7d59-42ce-8508-0d30edf31378', '713e2f69-8cc0-4416-8662-ddd4374aa647', 24),
 ('676c6415-a8a9-49ae-9db3-9ed0cd8f41b9', 'fd3abfe7-7d83-4f59-84ce-0364a5249a39', 24),
 ('7a61f9dc-8a1e-4e9b-91cb-50f824b609c3', '2cca5181-a54d-423f-9936-3d8b6d4db836', 24),
 ('f37b2b39-87f8-4573-bad2-3ed8d95284d1', '6b9e4810-b555-4443-b492-f05d888eaf5f', 24),
 ('5333c32d-c056-45bc-b8bb-00bb37c024be', 'b19761f6-c862-4e34-90c7-e76d9230aad7', 24),
 ('cf10b965-9b06-4b6d-aa32-a582d41eeac4', '7c686423-ce9d-4c2d-a6e3-e9d121470fdc', 25),
 ('0b40ed69-5776-46d8-bc68-11c803a6263b', 'f6949387-df0b-483b-92e4-3c2abc6b9780', 25),
 ('2816c95d-3fb4-4fbf-84aa-0560001861dd', '2b5c5a5a-03a7-4716-a07e-1064e4424dff', 25),
 ('d1fbf866-0308-40a9-a284-314c14fa961b', '892848ca-8d1e-4c9f-a94b-bcbf4300d323', 25),
 ('f83dab77-7461-466a-b94f-1c6bfb8858b9', '074b6c1e-0eff-4d6c-88aa-8fc60a81aaf0', 25),
 ('e516f311-a830-4e5c-b7d1-7e08fa4cd9ab', '85690260-ac02-44a0-8cd2-08cd338fe3a2', 25),
 ('b95b972c-e485-4be5-ba16-d759e5195a1b', '2f1844db-3f34-4ac9-bc19-ec0a9fa4e708', 25),
 ('bab92472-343b-43e9-aab8-1e9be6a3944e', 'a54f702e-f06b-4fb9-b113-9b6399ca6944', 25),
 ('46f36604-2680-42bd-a5f5-06a5ddef2a05', 'd4d8c6bf-9f5e-481d-932a-772c5850827a', 25),
 ('5171b4ff-4739-4d45-ac60-710e80b2d83a', '17f429c4-e5bf-490e-a780-10f60c0ff141', 25),
 ('24046899-0df6-46a1-ad14-07ae9bc671c5', 'd62f7a36-ae2f-4f48-a3a0-9bbd784b4d3b', 26),
 ('eb7079e9-b174-45f5-8cd6-c423033e9420', 'e9741482-1b6e-4838-98a3-c369e15d2ee1', 26),
 ('6c2aa028-8f62-4729-b873-dccd9dde990c', '51364daa-d5bd-4418-a31e-41f1b9b0418a', 26),
 ('2636e6f6-2af2-43db-8e7e-15c19d1b25f1', 'bc9f0c46-bb15-431d-939c-7d61223001c3', 26),
 ('833b5439-d568-473c-961c-b01376551631', '3ac5dd80-7d49-4b3c-bd92-146ea6f1232d', 26),
 ('4d63e8d6-22ab-4b62-9b43-a798eb667d42', '4b859bdf-09ce-496e-bc6c-2a953b908954', 26),
 ('2fb387ef-adbd-4811-bc4c-85f1eac28474', 'dc972041-7956-482f-be18-bf492007325c', 27),
 ('676c6415-a8a9-49ae-9db3-9ed0cd8f41b9', 'ffc0e233-a514-44be-8427-9f3ead6a34d5', 28),
 ('548f708e-b68f-42ef-911f-abc769e0c04a', '61cd9fa3-99c1-46b0-b748-0ab4b1798ae5', 29),
 ('0488fcb5-7f3f-4586-a058-a1055dd54e4e', '1ac2fdac-d2ff-4980-afb9-12a18d5fb709', 29),
 ('ce686fa4-edcb-4266-8e24-797009d9b29d', '1bbbaa9e-2fce-4fcb-822e-a44d8aca6889', 29),
 ('fde12647-67a1-4fd7-aee3-09962d013f8c', 'cb777eb8-2935-45ba-8fdd-b03252506722', 29),
 ('56610f83-5f5a-4acf-8219-f145f217edfe', '00de46fe-c1a9-46e3-bdf8-ae1d02eef3d3', 29),
 ('5333c32d-c056-45bc-b8bb-00bb37c024be', '043c6b97-a831-4b58-9de0-e65c15a17835', 30),
 ('1d998c25-7d59-42ce-8508-0d30edf31378', 'e63bbd35-379c-4e5f-a722-a79a4edf8618', 30),
 ('2636e6f6-2af2-43db-8e7e-15c19d1b25f1', '2fb4c84f-84aa-4a74-af90-fd15de35be8a', 30),
 ('bd2a64d5-1ec8-445b-8e71-b1845d2c8419', '64075fa8-7e61-4cf2-8a8f-1ce120e2544f', 30),
 ('e445d30b-d74f-494c-b190-7a51ca237ab5', '03e3d7c8-5e3d-49fa-ab59-e299530a0302', 31),
 ('151fa274-55cb-4989-bf94-0907d3f31424', 'a3126907-3f74-4b79-a23b-4d097bf3817d', 32),
 ('0488fcb5-7f3f-4586-a058-a1055dd54e4e', 'a602cdbf-27cf-46a5-a415-783c6caff352', 32),
 ('a9bfe0ff-0a63-4741-9b44-30afddec81e9', '1d661d25-8d23-4797-8913-100e8a450ce6', 32),
 ('b2717743-829b-4e05-9373-b1403728254e', '751c9e97-b926-40db-97b0-5775618fac7c', 32),
 ('2636e6f6-2af2-43db-8e7e-15c19d1b25f1', '4383acf6-e23b-46c0-83a1-090ebf245818', 32),
 ('f171af29-7f74-4086-8d97-0fb23dca2f24', 'a4682f02-3911-4bac-93a2-5d9421b08861', 33),
 ('f296386b-2e87-47cb-940e-d93db769af37', '2ba32120-0354-48b9-a902-0ec350ed8087', 33),
 ('95a581ec-591c-4cbf-bd99-9375c26fcc4e', '980f6b65-d3eb-4ee4-a518-fca8895fe345', 34),
 ('71052618-7e19-484e-baef-b6a4cae39d0e', '1317201c-165a-49e7-b697-ecf0638d2485', 34),
 ('179dfc8a-9ec5-4215-abf2-cb3171c0581e', '4b859bdf-09ce-496e-bc6c-2a953b908954', 34),
 ('ec55f2b4-e445-466b-aa79-407598f6eeae', '297dd779-42bf-4a3b-93ef-449b49967d12', 34),
 ('e74c5ec8-f4cc-4438-a03a-9fa1c45b3b03', 'bb8b85dc-a4a4-4384-a916-214eea6a0af4', 34),
 ('6bee9d51-cbd9-4b56-a492-0442de46030b', 'a418d991-9394-4bd5-a538-3e9df79cef84', 34),
 ('74224328-0570-4c37-9ac6-bb68b4f483ae', '64075fa8-7e61-4cf2-8a8f-1ce120e2544f', 34),
 ('46f36604-2680-42bd-a5f5-06a5ddef2a05', '1bbbaa9e-2fce-4fcb-822e-a44d8aca6889', 34),
 ('ab573d19-dcfa-48ee-b814-0379854c84a4', 'd762359f-a41d-4821-8ff8-0b07b743fc25', 34),
 ('548f708e-b68f-42ef-911f-abc769e0c04a', '1d661d25-8d23-4797-8913-100e8a450ce6', 34),
 ('b09b0157-1355-4d2f-bf0d-c4df5a19a32e', 'cc6f7085-b56f-44db-9828-c00da67e5db4', 34),
 ('62ee0f92-3ea6-40d1-8029-f24c0ae405ec', '07847f41-cb0a-4251-88c7-c5ea5c2af833', 34),
 ('9c837738-ae7d-4f0d-92f1-b2c49fda7a1c', '270689d7-7f39-4a01-bb90-3718a36b9a98', 34),
 ('4db4c725-9b29-42c7-9fe1-bf730f531ab9', 'd8c445e3-851f-47c4-bb24-52f8f7c888f5', 35),
 ('e78c93b9-6866-4b71-86ae-92052a72e63e', 'abd5e309-355e-4eec-ae04-12555e8d55b2', 35),
 ('74224328-0570-4c37-9ac6-bb68b4f483ae', '0a90fb8b-f266-4665-8c12-a5a326ad7d50', 35),
 ('f37b2b39-87f8-4573-bad2-3ed8d95284d1', '14873ce4-3b3c-46de-9047-f715cdf57b68', 35),
 ('e516f311-a830-4e5c-b7d1-7e08fa4cd9ab', 'f18b9da2-425f-4c3e-9ca8-52e8007d54d6', 35),
 ('9a25d0cb-918f-40f6-a3b5-e57e783629c2', '8fdf253c-1c3c-4dbe-af1c-e31e4a6e4775', 35),
 ('cf4c0099-b51b-4ba6-9603-df7b57448754', '7a1e2c21-72ea-4147-8dc6-9227b722daf9', 36),
 ('179dfc8a-9ec5-4215-abf2-cb3171c0581e', '4676cc58-daa1-4a38-bb11-0c8626f9aff2', 36),
 ('cfbe58c6-a40b-4fc7-bf57-7dede2d301f6', 'b86403e5-fc35-4d03-bec8-5d51b502da53', 36),
 ('cc8994a4-47ce-4d7e-862a-f261710ff36d', 'c2bcef4d-f2a9-4ed9-811f-866fb22e31fb', 37),
 ('495a78d1-15d9-4c95-a6b1-1eef71382046', '88c7deab-9580-47ae-a454-24b8db6180e9', 37),
 ('774ed3fd-b70a-491c-bb7d-6e53350e36ce', 'c8a5c797-8501-41af-8db2-24d48d45f9ef', 37),
 ('1ae2dd99-aa52-4e38-8d4d-55eb9d6a0039', '13664388-1830-40cf-b5e6-6edc5ab2a6bf', 37),
 ('56610f83-5f5a-4acf-8219-f145f217edfe', '11943bc1-19ca-4d6f-b36f-60db94ed198d', 37),
 ('bab92472-343b-43e9-aab8-1e9be6a3944e', '7647c586-933d-496b-a51f-69b3b425e58a', 37),
 ('2a983c5f-639a-4679-bbac-ace965772999', 'bd5eea82-bd06-4b63-9a90-286cef24d3ed', 38),
 ('f710b8d9-2e19-4974-905f-9c790e1a7d30', 'c23313dd-b6d5-457f-a6ae-9412b6008112', 38),
 ('8dee5daf-906f-48c7-95e7-5a34ee030fe3', 'b6e78200-c5f8-4c46-9a36-640eb9a5fa41', 38),
 ('2a983c5f-639a-4679-bbac-ace965772999', '64516a1b-b794-4147-929d-ca1c7b1760bf', 38),
 ('495a78d1-15d9-4c95-a6b1-1eef71382046', '4e6826cb-5d5c-4cb0-82ca-de03cbe63d89', 38),
 ('2fb387ef-adbd-4811-bc4c-85f1eac28474', 'cf5acc2b-6c5c-4967-967c-4671388b2d65', 38),
 ('0488fcb5-7f3f-4586-a058-a1055dd54e4e', '7410d38e-b8f0-42ea-8393-ae75cb1ac931', 38),
 ('179dfc8a-9ec5-4215-abf2-cb3171c0581e', 'd8c445e3-851f-47c4-bb24-52f8f7c888f5', 38),
 ('8859adc3-84d7-4def-b76a-bfb2fe859d63', '88a4f9f5-607c-464c-b8b0-2984b13d88cf', 38),
 ('37882e6d-5969-40e8-800b-0cc4c837f84d', '1ac2fdac-d2ff-4980-afb9-12a18d5fb709', 38),
 ('3bd1ca35-89ad-4805-b0b0-0cef4b216c3e', '0222fd6c-c71f-4e00-9608-5f8128f29899', 39),
 ('8859adc3-84d7-4def-b76a-bfb2fe859d63', 'd0d87d9c-54be-4437-84b3-2203b58f5d83', 39),
 ('d7f62b3c-1580-48dd-92e5-e5f38a53ef10', 'dfacf892-0305-4919-b149-ae3e38c9a09d', 40),
 ('1ae2dd99-aa52-4e38-8d4d-55eb9d6a0039', 'e9741482-1b6e-4838-98a3-c369e15d2ee1', 40),
 ('27afb109-62cd-4c83-8f12-82c90b4a470e', '98070a72-65ad-41c8-a436-2de8b9b34465', 40),
 ('f37b2b39-87f8-4573-bad2-3ed8d95284d1', '608e09fd-ab71-4f88-8d4a-2e66e245111a', 40),
 ('daf49298-9b66-47a3-a5f9-dc1f9479c41e', 'b97947ef-6739-45d6-839d-4c8abc5acffc', 41),
 ('0a0ff201-8021-4821-a983-c891248cb2a2', 'e6910237-1ab9-45e0-aba2-314f1185a476', 41),
 ('56610f83-5f5a-4acf-8219-f145f217edfe', '6499ecf4-c7d7-4350-8ec5-ef00eb697f84', 42),
 ('4d63e8d6-22ab-4b62-9b43-a798eb667d42', '1017b8b6-130e-43f5-98bf-5fedac15e45e', 42),
 ('48c5346b-2591-448b-8489-2ad033a2ac71', '3ae9cde2-47e2-4faa-98bc-063641d9ebc5', 42),
 ('1d998c25-7d59-42ce-8508-0d30edf31378', 'b4ad383c-f394-40e5-b5eb-75633f91f8cc', 43),
 ('9aef2093-7f09-481e-b183-ae8b2d92edbd', '6b274beb-f689-4195-8fe1-50d8652299c0', 43),
 ('8dee5daf-906f-48c7-95e7-5a34ee030fe3', '0c9a17f9-bb69-4ca4-9605-a033f0960979', 44),
 ('d7f62b3c-1580-48dd-92e5-e5f38a53ef10', 'e6910237-1ab9-45e0-aba2-314f1185a476', 44),
 ('0b40ed69-5776-46d8-bc68-11c803a6263b', '432ba0f4-862f-48c8-aace-eb8a51853532', 44),
 ('6b54374e-5834-4aed-bc5b-414edec20076', '5073f88a-7d7e-40af-8faa-fb00f6f57e52', 44),
 ('ca7a923b-0777-4759-97c0-8b38d39276dd', '17f429c4-e5bf-490e-a780-10f60c0ff141', 44),
 ('bab92472-343b-43e9-aab8-1e9be6a3944e', 'c292ade5-abf1-46d6-9051-030f7765f2e6', 44),
 ('0a121e24-3408-42ef-9c25-028c3b004ab3', 'd8e71b5f-c253-48cc-b5c5-2a29b1fd969c', 44),
 ('9d02907e-fe19-4623-a68d-3dd6d079fea7', '1dd6079d-0899-49e9-850d-0217249dd528', 45),
 ('9e7fdcf3-fea9-4db7-904f-cba79109b4e0', '35b6e4ed-14aa-4695-8f6c-9bb884e127c8', 45),
 ('9aef2093-7f09-481e-b183-ae8b2d92edbd', '7f743dd0-47c8-48cd-a660-2666e1519ad2', 45),
 ('7a61f9dc-8a1e-4e9b-91cb-50f824b609c3', '7a4b3296-0ba7-46ba-8ea8-7bf576b4a616', 46),
 ('6facbf3d-63bc-4a7d-ba2d-7709fa4e45c7', '713e2f69-8cc0-4416-8662-ddd4374aa647', 46),
 ('ca7a923b-0777-4759-97c0-8b38d39276dd', '514d5e36-9dbf-4ad2-90d8-010086c6c039', 46),
 ('6b54374e-5834-4aed-bc5b-414edec20076', '450f22b4-8001-4750-996c-c70f63eddc4b', 46),
 ('191ff54c-9678-4c75-ab66-ba57b5fef459', '514d5e36-9dbf-4ad2-90d8-010086c6c039', 47),
 ('fe1373e1-d144-42d5-9e6a-07edbaad6cb0', 'fa778912-96d4-4ecb-8611-325243422372', 48),
 ('c2efa51e-848e-4b44-abe7-37d71f4c6e92', '5073f88a-7d7e-40af-8faa-fb00f6f57e52', 48),
 ('707adda5-103b-4c3c-95b1-889e3f35b34d', '5aa0210c-c6ba-48c5-9a76-70e70179d1a7', 48),
 ('39f92f94-f297-4eae-a346-0100f57d65bc', '8bf9c80e-e396-4752-90d8-d4e0c4b264f7', 48),
 ('7f815b81-9e5a-47c2-a208-15104137eed1', '608e09fd-ab71-4f88-8d4a-2e66e245111a', 48),
 ('a9bfe0ff-0a63-4741-9b44-30afddec81e9', '2ba32120-0354-48b9-a902-0ec350ed8087', 48),
 ('5171b4ff-4739-4d45-ac60-710e80b2d83a', '2cd977ae-0ef2-4f02-aaf0-abfc82930488', 48),
 ('b09b0157-1355-4d2f-bf0d-c4df5a19a32e', '1bbbaa9e-2fce-4fcb-822e-a44d8aca6889', 48),
 ('8902bd7e-0267-4efe-bab2-e2515d49f8d6', 'ac6caf40-2ef0-42a0-b850-0b0c7965aec6', 49),
 ('f171af29-7f74-4086-8d97-0fb23dca2f24', 'b1619a1d-e27d-4bf8-b161-0b068f10957f', 49),
 ('7ac33828-9974-40fc-bd54-1f3c3804324d', '2168ac46-4011-4b46-b580-829acb21e115', 49),
 ('b5257910-81f2-4fd2-b6c0-5714391f1a55', 'd664b8eb-1740-4c20-b46f-217a34176908', 49),
 ('0a0ff201-8021-4821-a983-c891248cb2a2', 'd3b8f3bc-79da-41a8-a80e-274c4abdc86b', 49),
 ('39f92f94-f297-4eae-a346-0100f57d65bc', 'c2d4678b-a039-4765-b709-ad42763b714d', 50),
 ('b5257910-81f2-4fd2-b6c0-5714391f1a55', '3a35c3ed-5c6f-48e9-a56a-a37bcc58a86d', 50),
 ('85e4fdbf-7de6-4130-b61d-c823d3ec8744', 'c2d4678b-a039-4765-b709-ad42763b714d', 50),
 ('d08977d4-7137-433b-8b85-ac80dabdc33f', 'e3a99ee9-58b2-471f-b421-b5dbab1b94a7', 50),
 ('cd7ae3d4-e5ce-4873-a474-d06f0a548dd2', '751c9e97-b926-40db-97b0-5775618fac7c', 50),
 ('cd7ae3d4-e5ce-4873-a474-d06f0a548dd2', 'b1619a1d-e27d-4bf8-b161-0b068f10957f', 51),
 ('8902bd7e-0267-4efe-bab2-e2515d49f8d6', '0edf33fe-8d56-4637-bd3f-91765e004b31', 51),
 ('51ef85fa-9349-4983-ae68-6c7d2ab81310', 'b9102016-a66c-4d30-a7ad-e3e27c967db7', 52),
 ('191ff54c-9678-4c75-ab66-ba57b5fef459', 'd4b4efd5-be84-4ea7-92a5-5a3a924ab4ee', 52),
 ('548f708e-b68f-42ef-911f-abc769e0c04a', '90df8155-f9f6-4727-b964-f0cb8044d462', 52),
 ('cf4c0099-b51b-4ba6-9603-df7b57448754', 'c426395c-8164-4f72-ac23-f6331283def5', 53),
 ('d1928af5-22cd-42b6-8fbf-b437a064c5de', '315f57e7-0bfd-46e7-bad7-e05f97dc5b3a', 53),
 ('7a61f9dc-8a1e-4e9b-91cb-50f824b609c3', '99501f7f-7e7f-4598-b6d9-c39e332f2087', 53),
 ('fde12647-67a1-4fd7-aee3-09962d013f8c', '7f743dd0-47c8-48cd-a660-2666e1519ad2', 53),
 ('9e7fdcf3-fea9-4db7-904f-cba79109b4e0', '51364daa-d5bd-4418-a31e-41f1b9b0418a', 53),
 ('c50d9c8c-da65-47f4-88a3-685ef506e0ec', 'cc6f7085-b56f-44db-9828-c00da67e5db4', 54),
 ('6a31582d-f616-4455-ac9e-52c50cffb2e9', 'eab4cab5-1683-4740-9182-57400ff30f9a', 54),
 ('2ae45be1-ff97-40c8-9336-dfe9bdeb8752', '6a0e9dd3-4ed0-46d1-af00-e97c64a8dbd6', 54),
 ('daf49298-9b66-47a3-a5f9-dc1f9479c41e', '3e646c02-cd21-48a4-8206-eb6bbfcc6c5f', 55),
 ('fefe0e92-4834-42f9-ad1c-589a13c57b66', 'bc9f0c46-bb15-431d-939c-7d61223001c3', 55),
 ('20430d48-5a10-4bcb-8942-3dfa5c463c88', 'cede984b-0464-4697-925b-486041728a8b', 55),
 ('12339129-0099-457a-ace7-4b28e84f12b4', '7f0d0119-d5ed-4d56-8d28-7f6d9be8f43e', 56),
 ('cf4c0099-b51b-4ba6-9603-df7b57448754', '980f6b65-d3eb-4ee4-a518-fca8895fe345', 56),
 ('72c9941f-eebd-4f53-9a98-4843b4d65d96', '6b274beb-f689-4195-8fe1-50d8652299c0', 56),
 ('3bd1ca35-89ad-4805-b0b0-0cef4b216c3e', '3d43617d-172d-4039-ba34-d81363447887', 57),
 ('707adda5-103b-4c3c-95b1-889e3f35b34d', '50b46fd6-1097-48e0-aa46-55cd10b5b609', 57),
 ('a25f2d54-3359-4a03-8413-47ed0ca8c57d', 'b48b9f32-5bd8-4e0c-a013-73bf0e11ce34', 58),
 ('7f815b81-9e5a-47c2-a208-15104137eed1', 'cf5acc2b-6c5c-4967-967c-4671388b2d65', 58),
 ('3bd1ca35-89ad-4805-b0b0-0cef4b216c3e', '64b4ad87-d377-47aa-bcb8-15747d620165', 58),
 ('241fed58-81f7-4b94-95de-667d8d9ab6d9', '97dfc7a8-a033-416b-acc3-12d30790aa66', 58),
 ('b6adfb3f-9d62-4477-93ff-37654fcf496f', '1a9c9db9-321a-47f0-b74e-e7a154cdcef2', 58),
 ('495a78d1-15d9-4c95-a6b1-1eef71382046', 'a602cdbf-27cf-46a5-a415-783c6caff352', 58),
 ('b6adfb3f-9d62-4477-93ff-37654fcf496f', '397449a6-40c9-4664-8f0a-9d52c337e0ad', 58),
 ('ce686fa4-edcb-4266-8e24-797009d9b29d', '88c7deab-9580-47ae-a454-24b8db6180e9', 59),
 ('5171b4ff-4739-4d45-ac60-710e80b2d83a', '13559a49-3838-48c7-a307-0c7682f0fcac', 59),
 ('2a983c5f-639a-4679-bbac-ace965772999', 'f73b5e82-8b50-4934-b64e-d769c8bf55c0', 59),
 ('27afb109-62cd-4c83-8f12-82c90b4a470e', 'd1bdab8c-bd78-4751-a167-a831329f0160', 59),
 ('191ff54c-9678-4c75-ab66-ba57b5fef459', 'b86403e5-fc35-4d03-bec8-5d51b502da53', 59),
 ('5171b4ff-4739-4d45-ac60-710e80b2d83a', '00de46fe-c1a9-46e3-bdf8-ae1d02eef3d3', 59),
 ('ca61320f-a1de-4bda-aead-68b55a607e9f', '46af0714-c40b-438f-b5d3-b9b43caa99bf', 59),
 ('16e23bf7-fdb8-4527-ac7f-457459eb941a', '7410d38e-b8f0-42ea-8393-ae75cb1ac931', 59),
 ('9a25d0cb-918f-40f6-a3b5-e57e783629c2', '64516a1b-b794-4147-929d-ca1c7b1760bf', 60),
 ('6e73301b-ef48-4bb0-b034-a8f06dd5de89', 'e23da533-ef40-4a70-bd84-3dcfd5d764db', 60),
 ('cd7ae3d4-e5ce-4873-a474-d06f0a548dd2', '208c5042-d973-4544-a825-481987cf4748', 60),
 ('85e4fdbf-7de6-4130-b61d-c823d3ec8744', '4d513592-7653-446d-a315-4c5e8b857152', 61),
 ('d1fbf866-0308-40a9-a284-314c14fa961b', 'dfd95b16-e375-4c03-bb8b-9330b48346ea', 61),
 ('e74c5ec8-f4cc-4438-a03a-9fa1c45b3b03', '2dc96ce5-c28c-4e42-8ed8-2675ea4646f8', 61),
 ('5f4d6448-2cc2-4bf0-ba11-a5ed624b5e69', '2b5c5a5a-03a7-4716-a07e-1064e4424dff', 61),
 ('6bee9d51-cbd9-4b56-a492-0442de46030b', '9bed4407-b67a-480c-b720-e90b14716a8d', 61),
 ('6a31582d-f616-4455-ac9e-52c50cffb2e9', '2f639fe7-fc7e-4d55-915a-93aa2249c613', 62),
 ('969b7af6-13f5-470f-b110-1e6822f9b364', '5bf722b7-bf2a-4680-93bd-f0a304001109', 62),
 ('12339129-0099-457a-ace7-4b28e84f12b4', 'a57fe8e6-ac67-4eed-8a85-3c7c97d44280', 63),
 ('2fb387ef-adbd-4811-bc4c-85f1eac28474', 'd62f7a36-ae2f-4f48-a3a0-9bbd784b4d3b', 63),
 ('20430d48-5a10-4bcb-8942-3dfa5c463c88', '357dd487-3d76-4d1c-b40e-5840192c0a41', 63),
 ('56610f83-5f5a-4acf-8219-f145f217edfe', '88c7deab-9580-47ae-a454-24b8db6180e9', 63),
 ('0289c3a6-392a-4889-89f9-226bbe77f5da', 'caeab869-d7e8-4719-82c3-cae56a18180c', 63),
 ('3f069075-57f1-4fa8-8a43-f55b128eb61f', '3996cf85-4398-4841-b997-a94715a6f874', 63),
 ('37882e6d-5969-40e8-800b-0cc4c837f84d', '38cd96bc-f95e-450b-bb8b-2b3e11b89d79', 63),
 ('e78c93b9-6866-4b71-86ae-92052a72e63e', '21a4b92a-c876-4677-b0b7-ee8fe037c59a', 63),
 ('fedd3ba1-0c01-4dbd-90ff-61417a15d408', '1dd6079d-0899-49e9-850d-0217249dd528', 64),
 ('c6c55390-134a-4fda-8282-136238142a42', 'ca38774c-4d95-49ca-8d21-e3c6b5a568e1', 64),
 ('fd253476-8989-48ce-9d58-0ed45f86c8b8', '50d7b7ef-61cc-4e32-9ac7-d7238f6dc461', 64),
 ('b2717743-829b-4e05-9373-b1403728254e', 'a7396d58-6f93-4416-9c87-facc7f27299a', 64),
 ('3482ef3a-7fab-44b2-b0f8-6f35093fbfe3', '8fdf253c-1c3c-4dbe-af1c-e31e4a6e4775', 64),
 ('231721cd-cb8f-4678-afd4-37a7e65865e3', 'bb8b85dc-a4a4-4384-a916-214eea6a0af4', 65),
 ('e02aefd1-3319-4c88-bfd5-ec14874d52b2', '67b705cd-c4f3-4ff2-9ce2-c149a9f486eb', 65),
 ('bd2a64d5-1ec8-445b-8e71-b1845d2c8419', '2ba32120-0354-48b9-a902-0ec350ed8087', 65),
 ('f296386b-2e87-47cb-940e-d93db769af37', '5afc7932-0785-4f61-94a8-08198a2ea51b', 66),
 ('4364f8d0-7148-4b44-9e56-b8afa0162f18', '13664388-1830-40cf-b5e6-6edc5ab2a6bf', 66),
 ('5333c32d-c056-45bc-b8bb-00bb37c024be', '663d7612-84b7-4f3a-a0fd-cd8d4c7c639c', 66),
 ('f171af29-7f74-4086-8d97-0fb23dca2f24', 'dfacf892-0305-4919-b149-ae3e38c9a09d', 66),
 ('fedd3ba1-0c01-4dbd-90ff-61417a15d408', '57b9124e-4a36-4068-976a-3a6f5786a2b3', 67),
 ('b8a24e55-7427-48ae-a9d0-29872697d53f', '4f11cf75-cd19-4f2a-b8f1-38d8ab39709b', 67),
 ('1b3af0d4-9469-4674-8fd0-6be1db61ff62', '97dfc7a8-a033-416b-acc3-12d30790aa66', 67),
 ('f83b56cd-e31e-4504-b879-84d7f69a3032', '1bf9303a-f361-4d9e-bb5a-50030fb75c3e', 67),
 ('51ef85fa-9349-4983-ae68-6c7d2ab81310', '8fdf253c-1c3c-4dbe-af1c-e31e4a6e4775', 68),
 ('f37b2b39-87f8-4573-bad2-3ed8d95284d1', '6b274beb-f689-4195-8fe1-50d8652299c0', 68),
 ('65fa5c44-d6ec-45c6-885e-2c0e82b8c94f', '0a90fb8b-f266-4665-8c12-a5a326ad7d50', 68),
 ('191ff54c-9678-4c75-ab66-ba57b5fef459', '4b2147bc-aa36-4424-b88b-1d48ad736ed4', 68),
 ('d1fbf866-0308-40a9-a284-314c14fa961b', '87034e87-fab9-43fe-997a-3bf1175a7e5d', 69),
 ('f296386b-2e87-47cb-940e-d93db769af37', '35b6e4ed-14aa-4695-8f6c-9bb884e127c8', 69),
 ('a8572b01-733e-4072-9b80-1038bc05a1d0', 'e6910237-1ab9-45e0-aba2-314f1185a476', 69),
 ('b6adfb3f-9d62-4477-93ff-37654fcf496f', 'a57fe8e6-ac67-4eed-8a85-3c7c97d44280', 70),
 ('83431f4f-470b-4511-a0e7-172fe2b48082', '457fc065-5c75-4752-861a-9148eee38c0e', 70),
 ('bdc74964-8909-4c46-b6f3-7565ee9c3833', '3e646c02-cd21-48a4-8206-eb6bbfcc6c5f', 70),
 ('9b97c467-ccee-4806-abbe-118cf3161c5e', '2f72287a-064d-479f-8d5c-cc6c2f0aec07', 70),
 ('aab2a7f4-480d-4d36-8641-722b20dac246', 'b4ad383c-f394-40e5-b5eb-75633f91f8cc', 71),
 ('969b7af6-13f5-470f-b110-1e6822f9b364', '6a0e9dd3-4ed0-46d1-af00-e97c64a8dbd6', 71),
 ('83431f4f-470b-4511-a0e7-172fe2b48082', 'b5fb5d93-f90f-40e1-9113-2d35d1c1a3a1', 72),
 ('ce6578af-e98d-4a8a-b5b3-a45866839b4e', '2f5d031d-296b-4ee9-938a-1481154d007c', 72),
 ('bd703494-810e-4c33-af7a-56c61103d268', '5aa0210c-c6ba-48c5-9a76-70e70179d1a7', 72),
 ('cc8994a4-47ce-4d7e-862a-f261710ff36d', '9e6c8321-bc94-459b-b506-a5c2d7c05cdd', 73),
 ('ef0fc386-91ab-42e5-b6a2-fcde1701ed65', 'b46f9d7d-2c97-4943-afb8-2acdb6743f3b', 73),
 ('fe1373e1-d144-42d5-9e6a-07edbaad6cb0', '41f6f900-ef08-4f82-a8b6-6832ab14d0ee', 74),
 ('3f069075-57f1-4fa8-8a43-f55b128eb61f', '4383acf6-e23b-46c0-83a1-090ebf245818', 74),
 ('ce6578af-e98d-4a8a-b5b3-a45866839b4e', '3e4603c4-c30f-43bc-9f11-a18dadf594bc', 74),
 ('ce686fa4-edcb-4266-8e24-797009d9b29d', '21a4b92a-c876-4677-b0b7-ee8fe037c59a', 74),
 ('dddae703-1637-4015-9652-498a9b2fe73d', '0b34f2f1-e79e-4c36-86f4-51032f1d891b', 74),
 ('ec0d084b-f070-4c42-b721-c7dbab7a56b9', 'a5112a33-10b5-4cb7-8038-48240aa18404', 75),
 ('5f4d6448-2cc2-4bf0-ba11-a5ed624b5e69', '381a90f4-8caa-4093-81ec-9f2fdb9fcc88', 75),
 ('51ef85fa-9349-4983-ae68-6c7d2ab81310', '31b3b88d-c288-4aa7-ac89-92f0f2a82482', 76),
 ('4db4c725-9b29-42c7-9fe1-bf730f531ab9', '87f24c85-f08b-4cbe-8d49-5daa02925499', 76),
 ('a5dcb587-cc65-4fe4-8cac-fed0de1e064f', 'd762359f-a41d-4821-8ff8-0b07b743fc25', 76),
 ('9b97c467-ccee-4806-abbe-118cf3161c5e', '7dbbc471-aa84-4ede-baee-c49a16fcbc9f', 76),
 ('83431f4f-470b-4511-a0e7-172fe2b48082', '64075fa8-7e61-4cf2-8a8f-1ce120e2544f', 76),
 ('d1928af5-22cd-42b6-8fbf-b437a064c5de', 'e45e1af7-0e4c-4e61-9b76-b9560bcec03e', 77),
 ('0a0ff201-8021-4821-a983-c891248cb2a2', 'f59878de-a000-4060-a65a-22b9ac77a6d5', 77),
 ('833b5439-d568-473c-961c-b01376551631', '7dbbc471-aa84-4ede-baee-c49a16fcbc9f', 78),
 ('b6adfb3f-9d62-4477-93ff-37654fcf496f', '270689d7-7f39-4a01-bb90-3718a36b9a98', 78),
 ('e02aefd1-3319-4c88-bfd5-ec14874d52b2', '6deb4ab1-fbc4-46aa-8aaf-674b7c7d74e5', 78),
 ('f37b2b39-87f8-4573-bad2-3ed8d95284d1', 'f12c25ff-6a8d-462d-9b9e-7c59dda61d0e', 78),
 ('bd703494-810e-4c33-af7a-56c61103d268', '5164591c-5e07-4bab-87e9-9ed57c7dc06c', 78),
 ('fe1373e1-d144-42d5-9e6a-07edbaad6cb0', 'c2bcef4d-f2a9-4ed9-811f-866fb22e31fb', 78),
 ('9d02907e-fe19-4623-a68d-3dd6d079fea7', 'd3d706d2-3bd1-495e-936b-92625974c2cd', 78),
 ('74224328-0570-4c37-9ac6-bb68b4f483ae', 'e63bbd35-379c-4e5f-a722-a79a4edf8618', 78),
 ('d7f62b3c-1580-48dd-92e5-e5f38a53ef10', 'f8032386-168d-4701-8ed7-b4d2eb88ac97', 78),
 ('495a78d1-15d9-4c95-a6b1-1eef71382046', '83c17a31-f35d-4cd9-b486-d9a9f031b82a', 78),
 ('f296386b-2e87-47cb-940e-d93db769af37', 'a7396d58-6f93-4416-9c87-facc7f27299a', 79),
 ('8bf3e7e8-383e-408b-a83a-d7c3208ceb37', '027eb2f8-5409-4cca-b6ea-d22101b83d72', 79),
 ('b0a80bf7-abfa-4036-9441-bc113acac5ae', '281fa531-a6b3-4e09-8e83-10add23e3d23', 80),
 ('6facbf3d-63bc-4a7d-ba2d-7709fa4e45c7', '69fd5f20-c51a-4d26-bd35-af9e7b83392f', 80),
 ('a25f2d54-3359-4a03-8413-47ed0ca8c57d', '64b4ad87-d377-47aa-bcb8-15747d620165', 80),
 ('0289c3a6-392a-4889-89f9-226bbe77f5da', '4f7f4c60-a948-499f-9c7a-fc6542e0261f', 81),
 ('707adda5-103b-4c3c-95b1-889e3f35b34d', '357dd487-3d76-4d1c-b40e-5840192c0a41', 81),
 ('4d63e8d6-22ab-4b62-9b43-a798eb667d42', 'f1a349f3-e5c2-4f79-bf22-59d6702889f8', 81),
 ('72c9941f-eebd-4f53-9a98-4843b4d65d96', '79edc544-ebda-4aa5-9452-2421f50f4e7b', 81),
 ('37882e6d-5969-40e8-800b-0cc4c837f84d', '0376665e-fa6b-4a93-b309-7e50e131d509', 82),
 ('df90dc09-1f64-482d-bdd5-39881a978c6b', '96309cac-e409-48bc-a4fa-1ee961843890', 82),
 ('b5257910-81f2-4fd2-b6c0-5714391f1a55', 'cdf26107-b579-4455-8ae4-778529093f53', 82),
 ('62ee0f92-3ea6-40d1-8029-f24c0ae405ec', 'c89b6171-51e3-4a6b-9e1d-5ca1c982a2a8', 82),
 ('dddae703-1637-4015-9652-498a9b2fe73d', '2f1844db-3f34-4ac9-bc19-ec0a9fa4e708', 82),
 ('35e5bb1f-a20a-4db7-8f4c-851951d2a24b', '2f1844db-3f34-4ac9-bc19-ec0a9fa4e708', 82),
 ('7f58d98e-3b3f-491c-abe6-a07888c43b92', '9f3d13a1-6f1b-44ee-b833-ac7f1f8b318f', 82),
 ('241fed58-81f7-4b94-95de-667d8d9ab6d9', '257fc5ee-34b5-459d-a7a2-e38f173b98cb', 82),
 ('62ee0f92-3ea6-40d1-8029-f24c0ae405ec', '027eb2f8-5409-4cca-b6ea-d22101b83d72', 82),
 ('fedd3ba1-0c01-4dbd-90ff-61417a15d408', 'cc3ccf6c-23bc-4054-93fc-b3cc7efb347c', 83),
 ('833b5439-d568-473c-961c-b01376551631', '13559a49-3838-48c7-a307-0c7682f0fcac', 83),
 ('31a4836a-2b8b-46fc-9ed0-8e888f5753eb', 'e9741482-1b6e-4838-98a3-c369e15d2ee1', 83),
 ('e78c93b9-6866-4b71-86ae-92052a72e63e', 'd1db27fa-d019-4cb9-ba30-fe6afe653456', 83),
 ('0a121e24-3408-42ef-9c25-028c3b004ab3', '50b46fd6-1097-48e0-aa46-55cd10b5b609', 83),
 ('ab573d19-dcfa-48ee-b814-0379854c84a4', 'c66ce13d-b312-415b-b198-14d53505ade8', 83),
 ('539a30a6-edb1-425f-8830-195d9a27a3a0', '7a4b3296-0ba7-46ba-8ea8-7bf576b4a616', 84),
 ('7dd16fd9-8f6a-49db-8b35-17f150649183', 'e9741482-1b6e-4838-98a3-c369e15d2ee1', 85),
 ('4af83264-1496-440a-a890-5ce7e7bae671', 'c150bd47-0d12-4d52-bc28-b48e270e6cfa', 85),
 ('b95b972c-e485-4be5-ba16-d759e5195a1b', '0da46598-b803-4149-bc7a-618a580b63f9', 85),
 ('fd253476-8989-48ce-9d58-0ed45f86c8b8', 'd9272f89-c00a-4c58-b02f-b58ab365767b', 85),
 ('3dbcbba0-647b-464d-89ae-a364b6a8895d', '1d152e5b-eb38-4a9a-b0f2-7228bb00171f', 85),
 ('c2efa51e-848e-4b44-abe7-37d71f4c6e92', 'b9102016-a66c-4d30-a7ad-e3e27c967db7', 85),
 ('a8572b01-733e-4072-9b80-1038bc05a1d0', '027eb2f8-5409-4cca-b6ea-d22101b83d72', 85),
 ('7ac33828-9974-40fc-bd54-1f3c3804324d', '7ed51d4e-c0b2-4278-b450-02b3cfd88d8c', 86),
 ('2816c95d-3fb4-4fbf-84aa-0560001861dd', '4676cc58-daa1-4a38-bb11-0c8626f9aff2', 87),
 ('ce456df6-58c3-4669-bb41-220f34d9a77d', '90df8155-f9f6-4727-b964-f0cb8044d462', 87),
 ('f83b56cd-e31e-4504-b879-84d7f69a3032', 'cede984b-0464-4697-925b-486041728a8b', 87),
 ('1e2cf00e-5cb5-4fb6-9e2b-e4576d54effd', '2e6e4d0c-6db9-424b-b438-0de62f08f4f9', 87),
 ('799d8a6e-f053-4efb-a152-be5ffd8669a8', 'f6949387-df0b-483b-92e4-3c2abc6b9780', 88),
 ('9a25d0cb-918f-40f6-a3b5-e57e783629c2', '0852a976-9ce0-4992-aac6-2373aedd9fef', 88),
 ('6e73301b-ef48-4bb0-b034-a8f06dd5de89', 'e9722815-c13a-4bf5-ba18-b4ded7b0775e', 88),
 ('16e23bf7-fdb8-4527-ac7f-457459eb941a', '38cd96bc-f95e-450b-bb8b-2b3e11b89d79', 88),
 ('9eaadb46-5d9e-440b-a2c4-cd7d07c7560d', '9d89138a-b7fc-44ff-949d-8dade07eb93f', 89),
 ('d1fbf866-0308-40a9-a284-314c14fa961b', 'f59878de-a000-4060-a65a-22b9ac77a6d5', 89),
 ('eb7079e9-b174-45f5-8cd6-c423033e9420', 'c23313dd-b6d5-457f-a6ae-9412b6008112', 89),
 ('9aef2093-7f09-481e-b183-ae8b2d92edbd', '3af9c070-6d4a-42e5-b3ee-a729db98c7f2', 89),
 ('d7f62b3c-1580-48dd-92e5-e5f38a53ef10', 'dc830ee7-f5e8-4203-a607-861388c3b0bb', 89),
 ('62ee0f92-3ea6-40d1-8029-f24c0ae405ec', 'f73b5e82-8b50-4934-b64e-d769c8bf55c0', 89),
 ('35e5bb1f-a20a-4db7-8f4c-851951d2a24b', 'dc830ee7-f5e8-4203-a607-861388c3b0bb', 89),
 ('a8572b01-733e-4072-9b80-1038bc05a1d0', 'a5112a33-10b5-4cb7-8038-48240aa18404', 90),
 ('ef0fc386-91ab-42e5-b6a2-fcde1701ed65', 'd3b8f3bc-79da-41a8-a80e-274c4abdc86b', 91),
 ('a7321446-3d33-4d02-8be0-e95ba79e50b9', '6e9238d2-9ef6-40d5-a16c-2da277c747a4', 91),
 ('2a983c5f-639a-4679-bbac-ace965772999', 'bb8b85dc-a4a4-4384-a916-214eea6a0af4', 92),
 ('9b97c467-ccee-4806-abbe-118cf3161c5e', 'b6e78200-c5f8-4c46-9a36-640eb9a5fa41', 92),
 ('9eaadb46-5d9e-440b-a2c4-cd7d07c7560d', 'a3e23ffd-93b4-4f78-ac70-e9da8f0ee0a9', 92),
 ('9eaadb46-5d9e-440b-a2c4-cd7d07c7560d', '01b14d82-42f4-442b-be38-1b4e7b4609e2', 92),
 ('48c5346b-2591-448b-8489-2ad033a2ac71', 'e9722815-c13a-4bf5-ba18-b4ded7b0775e', 92),
 ('799d8a6e-f053-4efb-a152-be5ffd8669a8', '381a90f4-8caa-4093-81ec-9f2fdb9fcc88', 92),
 ('6c2aa028-8f62-4729-b873-dccd9dde990c', '3e4603c4-c30f-43bc-9f11-a18dadf594bc', 92),
 ('6b54374e-5834-4aed-bc5b-414edec20076', '297dd779-42bf-4a3b-93ef-449b49967d12', 92),
 ('ce686fa4-edcb-4266-8e24-797009d9b29d', '297dd779-42bf-4a3b-93ef-449b49967d12', 93),
 ('3f069075-57f1-4fa8-8a43-f55b128eb61f', 'bb8b85dc-a4a4-4384-a916-214eea6a0af4', 93),
 ('a7321446-3d33-4d02-8be0-e95ba79e50b9', '6499ecf4-c7d7-4350-8ec5-ef00eb697f84', 93),
 ('1ae2dd99-aa52-4e38-8d4d-55eb9d6a0039', 'abc0cb0f-0719-493b-8d4b-bee8484475d5', 93),
 ('241fed58-81f7-4b94-95de-667d8d9ab6d9', 'dc68c85b-09c6-4d97-a2f9-a5c364064980', 93),
 ('ca7a923b-0777-4759-97c0-8b38d39276dd', 'a418d991-9394-4bd5-a538-3e9df79cef84', 94),
 ('6b54374e-5834-4aed-bc5b-414edec20076', 'bb4d451f-ce4e-4857-b0f1-cdf528ea1957', 94),
 ('6ec5e633-1eca-4bb5-ae0d-3e9277ccd371', '1d152e5b-eb38-4a9a-b0f2-7228bb00171f', 94),
 ('72c9941f-eebd-4f53-9a98-4843b4d65d96', '457fc065-5c75-4752-861a-9148eee38c0e', 94),
 ('ab573d19-dcfa-48ee-b814-0379854c84a4', 'd1732e4b-a889-45b6-baa4-be413483fa83', 95),
 ('e02aefd1-3319-4c88-bfd5-ec14874d52b2', '0852a976-9ce0-4992-aac6-2373aedd9fef', 95),
 ('7f58d98e-3b3f-491c-abe6-a07888c43b92', '0d734692-ee5a-454e-b744-ccc81e46828d', 96),
 ('9c837738-ae7d-4f0d-92f1-b2c49fda7a1c', 'cc3ccf6c-23bc-4054-93fc-b3cc7efb347c', 96),
 ('fc8b8eeb-08eb-4c66-aa2c-162e0db218e1', '78e7a45a-f30c-43dc-b6de-9ab46e022608', 96),
 ('46f36604-2680-42bd-a5f5-06a5ddef2a05', 'a57fe8e6-ac67-4eed-8a85-3c7c97d44280', 97),
 ('4364f8d0-7148-4b44-9e56-b8afa0162f18', '8dcd58de-9386-4c2a-bde5-71463ab5609b', 97),
 ('fc8b8eeb-08eb-4c66-aa2c-162e0db218e1', 'd1db27fa-d019-4cb9-ba30-fe6afe653456', 97),
 ('9eaadb46-5d9e-440b-a2c4-cd7d07c7560d', '616e28fe-7c82-46dc-b1b9-523249b4f2fc', 97),
 ('539a30a6-edb1-425f-8830-195d9a27a3a0', '3a35c3ed-5c6f-48e9-a56a-a37bcc58a86d', 97),
 ('ec0d084b-f070-4c42-b721-c7dbab7a56b9', '9e6c8321-bc94-459b-b506-a5c2d7c05cdd', 97),
 ('b09b0157-1355-4d2f-bf0d-c4df5a19a32e', 'f59878de-a000-4060-a65a-22b9ac77a6d5', 98),
 ('548f708e-b68f-42ef-911f-abc769e0c04a', 'dfd95b16-e375-4c03-bb8b-9330b48346ea', 98),
 ('a25f2d54-3359-4a03-8413-47ed0ca8c57d', '87f24c85-f08b-4cbe-8d49-5daa02925499', 98),
 ('20430d48-5a10-4bcb-8942-3dfa5c463c88', '6499ecf4-c7d7-4350-8ec5-ef00eb697f84', 98),
 ('daaf4df0-a7db-4e6f-b8b4-ce10e50e89a5', '0edf33fe-8d56-4637-bd3f-91765e004b31', 98),
 ('151fa274-55cb-4989-bf94-0907d3f31424', '816e3dfe-5e9d-43ca-a015-1ec5a3652dd7', 99),
 ('0a121e24-3408-42ef-9c25-028c3b004ab3', 'd34a428f-bbb7-4dc0-9a8e-e83dbbb222fc', 99),
 ('9d02907e-fe19-4623-a68d-3dd6d079fea7', '31b3b88d-c288-4aa7-ac89-92f0f2a82482', 99),
 ('5f4d6448-2cc2-4bf0-ba11-a5ed624b5e69', '6b9e4810-b555-4443-b492-f05d888eaf5f', 99),
 ('48c5346b-2591-448b-8489-2ad033a2ac71', '7dbbc471-aa84-4ede-baee-c49a16fcbc9f', 100),
 ('9d02907e-fe19-4623-a68d-3dd6d079fea7', '56f03b8d-a08a-4fa3-81d6-8fdca5b359fb', 100),
 ('370fbf72-c759-4a5a-a551-608feed537c6', '83c17a31-f35d-4cd9-b486-d9a9f031b82a', 100),
 ('1e2cf00e-5cb5-4fb6-9e2b-e4576d54effd', 'ffc0e233-a514-44be-8427-9f3ead6a34d5', 100)
 ;